Date,Vegetable,Price
2023-01-01,Tomato,24.49
2023-01-01,Potato,15.5
2023-01-01,Onion,30.98
2023-01-01,Carrot,28.04
2023-01-01,Cabbage,20.57
2023-01-01,Spinach,5.26
2023-01-01,Cauliflower,19.47
2023-01-01,Broccoli,39.02
2023-01-01,Eggplant,25.28
2023-01-01,Capsicum,39.55
2023-01-02,Tomato,16.68
2023-01-02,Potato,11.54
2023-01-02,Onion,30.67
2023-01-02,Carrot,20.6
2023-01-02,Cabbage,17.18
2023-01-02,Spinach,5.53
2023-01-02,Cauliflower,25.62
2023-01-02,Broccoli,39.93
2023-01-02,Eggplant,26.59
2023-01-02,Capsicum,44.28
2023-01-03,Tomato,19.25
2023-01-03,Potato,13.99
2023-01-03,Onion,33.5
2023-01-03,Carrot,20.48
2023-01-03,Cabbage,18.89
2023-01-03,Spinach,10.88
2023-01-03,Cauliflower,23.84
2023-01-03,Broccoli,33.94
2023-01-03,Eggplant,27.54
2023-01-03,Capsicum,44.12
2023-01-04,Tomato,18.23
2023-01-04,Potato,13.39
2023-01-04,Onion,28.71
2023-01-04,Carrot,22.35
2023-01-04,Cabbage,16.71
2023-01-04,Spinach,5.26
2023-01-04,Cauliflower,18.02
2023-01-04,Broccoli,34.44
2023-01-04,Eggplant,27.23
2023-01-04,Capsicum,44.57
2023-01-05,Tomato,23.97
2023-01-05,Potato,14.91
2023-01-05,Onion,32.05
2023-01-05,Carrot,24.51
2023-01-05,Cabbage,21.28
2023-01-05,Spinach,8.99
2023-01-05,Cauliflower,22.62
2023-01-05,Broccoli,33.61
2023-01-05,Eggplant,31.8
2023-01-05,Capsicum,42.65
2023-01-06,Tomato,21.72
2023-01-06,Potato,12.56
2023-01-06,Onion,33.5
2023-01-06,Carrot,20.82
2023-01-06,Cabbage,14.39
2023-01-06,Spinach,12.28
2023-01-06,Cauliflower,19.88
2023-01-06,Broccoli,37.4
2023-01-06,Eggplant,23.26
2023-01-06,Capsicum,41.35
2023-01-07,Tomato,23.97
2023-01-07,Potato,16.65
2023-01-07,Onion,33.19
2023-01-07,Carrot,22.54
2023-01-07,Cabbage,15.55
2023-01-07,Spinach,12.2
2023-01-07,Cauliflower,22.99
2023-01-07,Broccoli,39.64
2023-01-07,Eggplant,30.22
2023-01-07,Capsicum,36.01
2023-01-08,Tomato,16.47
2023-01-08,Potato,18.88
2023-01-08,Onion,31.94
2023-01-08,Carrot,26.14
2023-01-08,Cabbage,17.7
2023-01-08,Spinach,8.0
2023-01-08,Cauliflower,19.74
2023-01-08,Broccoli,34.02
2023-01-08,Eggplant,28.89
2023-01-08,Capsicum,43.03
2023-01-09,Tomato,20.98
2023-01-09,Potato,17.9
2023-01-09,Onion,30.12
2023-01-09,Carrot,26.9
2023-01-09,Cabbage,17.5
2023-01-09,Spinach,13.68
2023-01-09,Cauliflower,23.01
2023-01-09,Broccoli,39.75
2023-01-09,Eggplant,24.5
2023-01-09,Capsicum,35.19
2023-01-10,Tomato,18.26
2023-01-10,Potato,12.54
2023-01-10,Onion,26.96
2023-01-10,Carrot,25.78
2023-01-10,Cabbage,21.86
2023-01-10,Spinach,13.25
2023-01-10,Cauliflower,18.43
2023-01-10,Broccoli,39.16
2023-01-10,Eggplant,26.92
2023-01-10,Capsicum,42.94
2023-01-11,Tomato,19.87
2023-01-11,Potato,13.07
2023-01-11,Onion,28.64
2023-01-11,Carrot,27.23
2023-01-11,Cabbage,19.64
2023-01-11,Spinach,6.84
2023-01-11,Cauliflower,21.96
2023-01-11,Broccoli,37.51
2023-01-11,Eggplant,27.3
2023-01-11,Capsicum,44.61
2023-01-12,Tomato,17.26
2023-01-12,Potato,12.32
2023-01-12,Onion,32.18
2023-01-12,Carrot,22.35
2023-01-12,Cabbage,14.71
2023-01-12,Spinach,5.01
2023-01-12,Cauliflower,19.36
2023-01-12,Broccoli,34.75
2023-01-12,Eggplant,32.55
2023-01-12,Capsicum,39.98
2023-01-13,Tomato,15.76
2023-01-13,Potato,10.4
2023-01-13,Onion,29.9
2023-01-13,Carrot,25.72
2023-01-13,Cabbage,18.12
2023-01-13,Spinach,13.63
2023-01-13,Cauliflower,25.55
2023-01-13,Broccoli,39.56
2023-01-13,Eggplant,25.12
2023-01-13,Capsicum,42.91
2023-01-14,Tomato,22.91
2023-01-14,Potato,10.69
2023-01-14,Onion,25.44
2023-01-14,Carrot,26.27
2023-01-14,Cabbage,18.85
2023-01-14,Spinach,7.9
2023-01-14,Cauliflower,24.75
2023-01-14,Broccoli,35.72
2023-01-14,Eggplant,29.21
2023-01-14,Capsicum,36.91
2023-01-15,Tomato,17.77
2023-01-15,Potato,16.74
2023-01-15,Onion,27.83
2023-01-15,Carrot,23.74
2023-01-15,Cabbage,21.86
2023-01-15,Spinach,7.37
2023-01-15,Cauliflower,20.73
2023-01-15,Broccoli,39.16
2023-01-15,Eggplant,30.64
2023-01-15,Capsicum,40.39
2023-01-16,Tomato,21.83
2023-01-16,Potato,18.3
2023-01-16,Onion,26.79
2023-01-16,Carrot,20.43
2023-01-16,Cabbage,18.46
2023-01-16,Spinach,13.87
2023-01-16,Cauliflower,21.4
2023-01-16,Broccoli,35.95
2023-01-16,Eggplant,24.12
2023-01-16,Capsicum,35.69
2023-01-17,Tomato,16.82
2023-01-17,Potato,17.17
2023-01-17,Onion,33.07
2023-01-17,Carrot,20.28
2023-01-17,Cabbage,16.59
2023-01-17,Spinach,11.97
2023-01-17,Cauliflower,26.53
2023-01-17,Broccoli,33.97
2023-01-17,Eggplant,25.18
2023-01-17,Capsicum,37.91
2023-01-18,Tomato,18.02
2023-01-18,Potato,13.31
2023-01-18,Onion,28.69
2023-01-18,Carrot,21.94
2023-01-18,Cabbage,18.95
2023-01-18,Spinach,13.15
2023-01-18,Cauliflower,23.64
2023-01-18,Broccoli,32.12
2023-01-18,Eggplant,30.43
2023-01-18,Capsicum,37.25
2023-01-19,Tomato,24.6
2023-01-19,Potato,12.22
2023-01-19,Onion,25.03
2023-01-19,Carrot,26.16
2023-01-19,Cabbage,13.63
2023-01-19,Spinach,6.73
2023-01-19,Cauliflower,18.9
2023-01-19,Broccoli,37.5
2023-01-19,Eggplant,25.12
2023-01-19,Capsicum,44.94
2023-01-20,Tomato,19.32
2023-01-20,Potato,18.84
2023-01-20,Onion,33.66
2023-01-20,Carrot,25.11
2023-01-20,Cabbage,20.84
2023-01-20,Spinach,6.0
2023-01-20,Cauliflower,26.53
2023-01-20,Broccoli,37.71
2023-01-20,Eggplant,31.56
2023-01-20,Capsicum,44.12
2023-01-21,Tomato,18.66
2023-01-21,Potato,11.95
2023-01-21,Onion,27.23
2023-01-21,Carrot,21.58
2023-01-21,Cabbage,17.71
2023-01-21,Spinach,8.34
2023-01-21,Cauliflower,22.1
2023-01-21,Broccoli,31.89
2023-01-21,Eggplant,29.09
2023-01-21,Capsicum,44.21
2023-01-22,Tomato,24.08
2023-01-22,Potato,12.58
2023-01-22,Onion,31.42
2023-01-22,Carrot,29.08
2023-01-22,Cabbage,16.39
2023-01-22,Spinach,12.67
2023-01-22,Cauliflower,21.84
2023-01-22,Broccoli,33.63
2023-01-22,Eggplant,30.79
2023-01-22,Capsicum,43.55
2023-01-23,Tomato,19.8
2023-01-23,Potato,13.27
2023-01-23,Onion,33.55
2023-01-23,Carrot,22.79
2023-01-23,Cabbage,14.42
2023-01-23,Spinach,14.95
2023-01-23,Cauliflower,22.29
2023-01-23,Broccoli,30.77
2023-01-23,Eggplant,31.57
2023-01-23,Capsicum,37.05
2023-01-24,Tomato,22.26
2023-01-24,Potato,18.98
2023-01-24,Onion,25.34
2023-01-24,Carrot,29.41
2023-01-24,Cabbage,15.73
2023-01-24,Spinach,8.08
2023-01-24,Cauliflower,21.74
2023-01-24,Broccoli,36.15
2023-01-24,Eggplant,25.1
2023-01-24,Capsicum,41.69
2023-01-25,Tomato,24.67
2023-01-25,Potato,15.32
2023-01-25,Onion,32.21
2023-01-25,Carrot,21.42
2023-01-25,Cabbage,22.08
2023-01-25,Spinach,13.23
2023-01-25,Cauliflower,26.68
2023-01-25,Broccoli,34.4
2023-01-25,Eggplant,30.96
2023-01-25,Capsicum,39.66
2023-01-26,Tomato,16.46
2023-01-26,Potato,19.07
2023-01-26,Onion,28.57
2023-01-26,Carrot,27.07
2023-01-26,Cabbage,13.24
2023-01-26,Spinach,6.22
2023-01-26,Cauliflower,24.36
2023-01-26,Broccoli,30.21
2023-01-26,Eggplant,29.39
2023-01-26,Capsicum,36.94
2023-01-27,Tomato,24.08
2023-01-27,Potato,19.68
2023-01-27,Onion,25.32
2023-01-27,Carrot,27.25
2023-01-27,Cabbage,16.47
2023-01-27,Spinach,13.47
2023-01-27,Cauliflower,17.74
2023-01-27,Broccoli,31.4
2023-01-27,Eggplant,29.12
2023-01-27,Capsicum,37.62
2023-01-28,Tomato,18.67
2023-01-28,Potato,12.64
2023-01-28,Onion,34.93
2023-01-28,Carrot,21.43
2023-01-28,Cabbage,17.86
2023-01-28,Spinach,8.91
2023-01-28,Cauliflower,22.86
2023-01-28,Broccoli,30.65
2023-01-28,Eggplant,30.83
2023-01-28,Capsicum,43.05
2023-01-29,Tomato,20.84
2023-01-29,Potato,12.96
2023-01-29,Onion,33.33
2023-01-29,Carrot,20.22
2023-01-29,Cabbage,14.94
2023-01-29,Spinach,8.11
2023-01-29,Cauliflower,26.77
2023-01-29,Broccoli,37.97
2023-01-29,Eggplant,29.9
2023-01-29,Capsicum,42.87
2023-01-30,Tomato,22.25
2023-01-30,Potato,12.22
2023-01-30,Onion,34.53
2023-01-30,Carrot,24.99
2023-01-30,Cabbage,22.47
2023-01-30,Spinach,6.94
2023-01-30,Cauliflower,22.55
2023-01-30,Broccoli,33.29
2023-01-30,Eggplant,25.51
2023-01-30,Capsicum,35.17
2023-01-31,Tomato,16.68
2023-01-31,Potato,10.36
2023-01-31,Onion,28.88
2023-01-31,Carrot,26.47
2023-01-31,Cabbage,19.58
2023-01-31,Spinach,5.01
2023-01-31,Cauliflower,17.66
2023-01-31,Broccoli,30.28
2023-01-31,Eggplant,32.81
2023-01-31,Capsicum,40.71
2023-02-01,Tomato,23.49
2023-02-01,Potato,10.87
2023-02-01,Onion,27.63
2023-02-01,Carrot,24.9
2023-02-01,Cabbage,19.1
2023-02-01,Spinach,12.98
2023-02-01,Cauliflower,21.8
2023-02-01,Broccoli,30.79
2023-02-01,Eggplant,24.28
2023-02-01,Capsicum,43.59
2023-02-02,Tomato,16.12
2023-02-02,Potato,18.13
2023-02-02,Onion,33.02
2023-02-02,Carrot,25.11
2023-02-02,Cabbage,22.11
2023-02-02,Spinach,5.54
2023-02-02,Cauliflower,17.58
2023-02-02,Broccoli,35.55
2023-02-02,Eggplant,27.62
2023-02-02,Capsicum,36.92
2023-02-03,Tomato,20.53
2023-02-03,Potato,12.43
2023-02-03,Onion,27.03
2023-02-03,Carrot,21.73
2023-02-03,Cabbage,17.35
2023-02-03,Spinach,14.24
2023-02-03,Cauliflower,20.1
2023-02-03,Broccoli,36.97
2023-02-03,Eggplant,25.6
2023-02-03,Capsicum,43.23
2023-02-04,Tomato,20.2
2023-02-04,Potato,13.66
2023-02-04,Onion,31.41
2023-02-04,Carrot,21.89
2023-02-04,Cabbage,13.21
2023-02-04,Spinach,6.67
2023-02-04,Cauliflower,20.29
2023-02-04,Broccoli,32.15
2023-02-04,Eggplant,32.3
2023-02-04,Capsicum,38.05
2023-02-05,Tomato,18.76
2023-02-05,Potato,17.35
2023-02-05,Onion,27.42
2023-02-05,Carrot,20.37
2023-02-05,Cabbage,17.7
2023-02-05,Spinach,11.89
2023-02-05,Cauliflower,24.02
2023-02-05,Broccoli,31.2
2023-02-05,Eggplant,26.66
2023-02-05,Capsicum,37.65
2023-02-06,Tomato,15.59
2023-02-06,Potato,16.36
2023-02-06,Onion,32.35
2023-02-06,Carrot,24.99
2023-02-06,Cabbage,14.6
2023-02-06,Spinach,13.43
2023-02-06,Cauliflower,21.97
2023-02-06,Broccoli,35.04
2023-02-06,Eggplant,31.81
2023-02-06,Capsicum,42.04
2023-02-07,Tomato,19.44
2023-02-07,Potato,17.82
2023-02-07,Onion,32.89
2023-02-07,Carrot,24.58
2023-02-07,Cabbage,18.15
2023-02-07,Spinach,13.34
2023-02-07,Cauliflower,18.94
2023-02-07,Broccoli,34.86
2023-02-07,Eggplant,25.58
2023-02-07,Capsicum,44.42
2023-02-08,Tomato,16.57
2023-02-08,Potato,18.61
2023-02-08,Onion,26.23
2023-02-08,Carrot,24.06
2023-02-08,Cabbage,15.5
2023-02-08,Spinach,11.89
2023-02-08,Cauliflower,26.98
2023-02-08,Broccoli,37.78
2023-02-08,Eggplant,29.73
2023-02-08,Capsicum,40.1
2023-02-09,Tomato,17.7
2023-02-09,Potato,19.28
2023-02-09,Onion,33.84
2023-02-09,Carrot,26.81
2023-02-09,Cabbage,17.68
2023-02-09,Spinach,14.83
2023-02-09,Cauliflower,23.33
2023-02-09,Broccoli,33.42
2023-02-09,Eggplant,24.49
2023-02-09,Capsicum,41.3
2023-02-10,Tomato,18.11
2023-02-10,Potato,15.05
2023-02-10,Onion,33.43
2023-02-10,Carrot,26.2
2023-02-10,Cabbage,20.63
2023-02-10,Spinach,10.12
2023-02-10,Cauliflower,23.66
2023-02-10,Broccoli,30.19
2023-02-10,Eggplant,30.58
2023-02-10,Capsicum,38.13
2023-02-11,Tomato,16.99
2023-02-11,Potato,19.02
2023-02-11,Onion,32.31
2023-02-11,Carrot,21.87
2023-02-11,Cabbage,14.14
2023-02-11,Spinach,7.12
2023-02-11,Cauliflower,18.5
2023-02-11,Broccoli,31.84
2023-02-11,Eggplant,28.88
2023-02-11,Capsicum,38.82
2023-02-12,Tomato,21.03
2023-02-12,Potato,18.63
2023-02-12,Onion,29.17
2023-02-12,Carrot,26.37
2023-02-12,Cabbage,14.08
2023-02-12,Spinach,11.14
2023-02-12,Cauliflower,21.48
2023-02-12,Broccoli,39.53
2023-02-12,Eggplant,27.85
2023-02-12,Capsicum,44.2
2023-02-13,Tomato,15.09
2023-02-13,Potato,17.49
2023-02-13,Onion,26.67
2023-02-13,Carrot,24.82
2023-02-13,Cabbage,21.63
2023-02-13,Spinach,13.87
2023-02-13,Cauliflower,21.7
2023-02-13,Broccoli,38.37
2023-02-13,Eggplant,27.74
2023-02-13,Capsicum,37.82
2023-02-14,Tomato,18.86
2023-02-14,Potato,18.74
2023-02-14,Onion,27.74
2023-02-14,Carrot,26.55
2023-02-14,Cabbage,13.48
2023-02-14,Spinach,13.49
2023-02-14,Cauliflower,24.88
2023-02-14,Broccoli,38.08
2023-02-14,Eggplant,26.19
2023-02-14,Capsicum,41.52
2023-02-15,Tomato,17.64
2023-02-15,Potato,16.1
2023-02-15,Onion,27.37
2023-02-15,Carrot,23.69
2023-02-15,Cabbage,14.44
2023-02-15,Spinach,8.39
2023-02-15,Cauliflower,22.31
2023-02-15,Broccoli,33.2
2023-02-15,Eggplant,26.81
2023-02-15,Capsicum,38.19
2023-02-16,Tomato,17.17
2023-02-16,Potato,14.48
2023-02-16,Onion,31.92
2023-02-16,Carrot,26.92
2023-02-16,Cabbage,21.79
2023-02-16,Spinach,11.47
2023-02-16,Cauliflower,19.51
2023-02-16,Broccoli,36.84
2023-02-16,Eggplant,24.13
2023-02-16,Capsicum,44.56
2023-02-17,Tomato,23.24
2023-02-17,Potato,14.13
2023-02-17,Onion,34.1
2023-02-17,Carrot,29.04
2023-02-17,Cabbage,18.69
2023-02-17,Spinach,5.79
2023-02-17,Cauliflower,25.65
2023-02-17,Broccoli,39.87
2023-02-17,Eggplant,31.27
2023-02-17,Capsicum,44.67
2023-02-18,Tomato,24.05
2023-02-18,Potato,18.56
2023-02-18,Onion,28.38
2023-02-18,Carrot,25.88
2023-02-18,Cabbage,16.07
2023-02-18,Spinach,5.46
2023-02-18,Cauliflower,19.04
2023-02-18,Broccoli,36.88
2023-02-18,Eggplant,32.17
2023-02-18,Capsicum,38.94
2023-02-19,Tomato,24.86
2023-02-19,Potato,10.37
2023-02-19,Onion,29.39
2023-02-19,Carrot,28.25
2023-02-19,Cabbage,19.67
2023-02-19,Spinach,14.57
2023-02-19,Cauliflower,19.13
2023-02-19,Broccoli,37.82
2023-02-19,Eggplant,24.43
2023-02-19,Capsicum,37.18
2023-02-20,Tomato,17.38
2023-02-20,Potato,18.65
2023-02-20,Onion,30.06
2023-02-20,Carrot,22.23
2023-02-20,Cabbage,14.55
2023-02-20,Spinach,9.41
2023-02-20,Cauliflower,19.95
2023-02-20,Broccoli,37.56
2023-02-20,Eggplant,28.2
2023-02-20,Capsicum,35.03
2023-02-21,Tomato,24.2
2023-02-21,Potato,13.96
2023-02-21,Onion,27.54
2023-02-21,Carrot,27.22
2023-02-21,Cabbage,16.44
2023-02-21,Spinach,10.25
2023-02-21,Cauliflower,19.8
2023-02-21,Broccoli,36.94
2023-02-21,Eggplant,26.34
2023-02-21,Capsicum,41.29
2023-02-22,Tomato,17.28
2023-02-22,Potato,13.64
2023-02-22,Onion,30.68
2023-02-22,Carrot,23.83
2023-02-22,Cabbage,21.03
2023-02-22,Spinach,7.86
2023-02-22,Cauliflower,20.37
2023-02-22,Broccoli,36.51
2023-02-22,Eggplant,32.11
2023-02-22,Capsicum,42.02
2023-02-23,Tomato,22.35
2023-02-23,Potato,14.89
2023-02-23,Onion,34.26
2023-02-23,Carrot,27.86
2023-02-23,Cabbage,17.93
2023-02-23,Spinach,9.55
2023-02-23,Cauliflower,24.31
2023-02-23,Broccoli,38.21
2023-02-23,Eggplant,25.84
2023-02-23,Capsicum,39.86
2023-02-24,Tomato,24.47
2023-02-24,Potato,18.11
2023-02-24,Onion,29.06
2023-02-24,Carrot,25.45
2023-02-24,Cabbage,17.52
2023-02-24,Spinach,5.3
2023-02-24,Cauliflower,22.89
2023-02-24,Broccoli,37.88
2023-02-24,Eggplant,26.36
2023-02-24,Capsicum,35.21
2023-02-25,Tomato,19.75
2023-02-25,Potato,17.31
2023-02-25,Onion,28.09
2023-02-25,Carrot,28.43
2023-02-25,Cabbage,13.69
2023-02-25,Spinach,9.69
2023-02-25,Cauliflower,22.76
2023-02-25,Broccoli,35.31
2023-02-25,Eggplant,25.21
2023-02-25,Capsicum,39.98
2023-02-26,Tomato,15.32
2023-02-26,Potato,14.91
2023-02-26,Onion,25.08
2023-02-26,Carrot,28.27
2023-02-26,Cabbage,14.94
2023-02-26,Spinach,10.42
2023-02-26,Cauliflower,23.24
2023-02-26,Broccoli,33.25
2023-02-26,Eggplant,30.57
2023-02-26,Capsicum,40.17
2023-02-27,Tomato,24.44
2023-02-27,Potato,15.53
2023-02-27,Onion,25.62
2023-02-27,Carrot,23.35
2023-02-27,Cabbage,17.29
2023-02-27,Spinach,7.02
2023-02-27,Cauliflower,22.71
2023-02-27,Broccoli,31.14
2023-02-27,Eggplant,25.17
2023-02-27,Capsicum,39.96
2023-02-28,Tomato,22.35
2023-02-28,Potato,15.3
2023-02-28,Onion,31.19
2023-02-28,Carrot,22.93
2023-02-28,Cabbage,13.34
2023-02-28,Spinach,8.64
2023-02-28,Cauliflower,17.86
2023-02-28,Broccoli,36.44
2023-02-28,Eggplant,32.37
2023-02-28,Capsicum,43.2
2023-03-01,Tomato,24.72
2023-03-01,Potato,18.33
2023-03-01,Onion,31.28
2023-03-01,Carrot,21.74
2023-03-01,Cabbage,14.89
2023-03-01,Spinach,12.4
2023-03-01,Cauliflower,24.55
2023-03-01,Broccoli,37.35
2023-03-01,Eggplant,30.49
2023-03-01,Capsicum,37.58
2023-03-02,Tomato,22.73
2023-03-02,Potato,11.72
2023-03-02,Onion,31.08
2023-03-02,Carrot,28.87
2023-03-02,Cabbage,21.66
2023-03-02,Spinach,14.77
2023-03-02,Cauliflower,24.74
2023-03-02,Broccoli,39.41
2023-03-02,Eggplant,27.46
2023-03-02,Capsicum,37.15
2023-03-03,Tomato,19.87
2023-03-03,Potato,10.8
2023-03-03,Onion,30.52
2023-03-03,Carrot,23.66
2023-03-03,Cabbage,18.72
2023-03-03,Spinach,13.81
2023-03-03,Cauliflower,22.15
2023-03-03,Broccoli,39.1
2023-03-03,Eggplant,31.64
2023-03-03,Capsicum,44.09
2023-03-04,Tomato,20.39
2023-03-04,Potato,10.1
2023-03-04,Onion,34.99
2023-03-04,Carrot,23.73
2023-03-04,Cabbage,22.52
2023-03-04,Spinach,7.22
2023-03-04,Cauliflower,25.13
2023-03-04,Broccoli,31.83
2023-03-04,Eggplant,29.52
2023-03-04,Capsicum,43.2
2023-03-05,Tomato,24.05
2023-03-05,Potato,18.85
2023-03-05,Onion,26.85
2023-03-05,Carrot,20.31
2023-03-05,Cabbage,15.93
2023-03-05,Spinach,12.24
2023-03-05,Cauliflower,20.27
2023-03-05,Broccoli,35.93
2023-03-05,Eggplant,25.41
2023-03-05,Capsicum,42.57
2023-03-06,Tomato,24.28
2023-03-06,Potato,13.49
2023-03-06,Onion,32.61
2023-03-06,Carrot,25.33
2023-03-06,Cabbage,18.01
2023-03-06,Spinach,11.99
2023-03-06,Cauliflower,25.29
2023-03-06,Broccoli,34.09
2023-03-06,Eggplant,29.74
2023-03-06,Capsicum,37.92
2023-03-07,Tomato,19.06
2023-03-07,Potato,16.15
2023-03-07,Onion,28.49
2023-03-07,Carrot,22.48
2023-03-07,Cabbage,13.9
2023-03-07,Spinach,9.06
2023-03-07,Cauliflower,24.67
2023-03-07,Broccoli,32.72
2023-03-07,Eggplant,23.37
2023-03-07,Capsicum,39.56
2023-03-08,Tomato,22.6
2023-03-08,Potato,19.34
2023-03-08,Onion,30.8
2023-03-08,Carrot,24.66
2023-03-08,Cabbage,22.43
2023-03-08,Spinach,12.33
2023-03-08,Cauliflower,25.64
2023-03-08,Broccoli,36.32
2023-03-08,Eggplant,23.09
2023-03-08,Capsicum,42.18
2023-03-09,Tomato,19.08
2023-03-09,Potato,13.38
2023-03-09,Onion,27.41
2023-03-09,Carrot,25.67
2023-03-09,Cabbage,16.54
2023-03-09,Spinach,5.14
2023-03-09,Cauliflower,19.89
2023-03-09,Broccoli,31.96
2023-03-09,Eggplant,23.22
2023-03-09,Capsicum,40.92
2023-03-10,Tomato,23.77
2023-03-10,Potato,12.22
2023-03-10,Onion,33.58
2023-03-10,Carrot,20.75
2023-03-10,Cabbage,15.87
2023-03-10,Spinach,5.94
2023-03-10,Cauliflower,20.04
2023-03-10,Broccoli,37.64
2023-03-10,Eggplant,26.96
2023-03-10,Capsicum,37.25
2023-03-11,Tomato,19.95
2023-03-11,Potato,16.67
2023-03-11,Onion,26.62
2023-03-11,Carrot,27.22
2023-03-11,Cabbage,22.61
2023-03-11,Spinach,7.57
2023-03-11,Cauliflower,18.14
2023-03-11,Broccoli,31.06
2023-03-11,Eggplant,31.52
2023-03-11,Capsicum,35.1
2023-03-12,Tomato,21.02
2023-03-12,Potato,10.42
2023-03-12,Onion,25.74
2023-03-12,Carrot,27.49
2023-03-12,Cabbage,21.65
2023-03-12,Spinach,12.99
2023-03-12,Cauliflower,23.54
2023-03-12,Broccoli,38.02
2023-03-12,Eggplant,30.81
2023-03-12,Capsicum,40.82
2023-03-13,Tomato,17.54
2023-03-13,Potato,10.05
2023-03-13,Onion,33.09
2023-03-13,Carrot,25.57
2023-03-13,Cabbage,20.61
2023-03-13,Spinach,9.23
2023-03-13,Cauliflower,17.35
2023-03-13,Broccoli,37.86
2023-03-13,Eggplant,24.68
2023-03-13,Capsicum,39.67
2023-03-14,Tomato,21.25
2023-03-14,Potato,19.52
2023-03-14,Onion,33.02
2023-03-14,Carrot,23.79
2023-03-14,Cabbage,21.27
2023-03-14,Spinach,13.85
2023-03-14,Cauliflower,23.48
2023-03-14,Broccoli,35.73
2023-03-14,Eggplant,32.15
2023-03-14,Capsicum,37.13
2023-03-15,Tomato,23.42
2023-03-15,Potato,14.76
2023-03-15,Onion,34.04
2023-03-15,Carrot,20.86
2023-03-15,Cabbage,22.54
2023-03-15,Spinach,10.45
2023-03-15,Cauliflower,24.85
2023-03-15,Broccoli,35.83
2023-03-15,Eggplant,24.95
2023-03-15,Capsicum,35.38
2023-03-16,Tomato,21.54
2023-03-16,Potato,18.85
2023-03-16,Onion,26.98
2023-03-16,Carrot,29.85
2023-03-16,Cabbage,19.91
2023-03-16,Spinach,14.02
2023-03-16,Cauliflower,23.7
2023-03-16,Broccoli,34.18
2023-03-16,Eggplant,23.37
2023-03-16,Capsicum,39.45
2023-03-17,Tomato,20.81
2023-03-17,Potato,13.82
2023-03-17,Onion,28.11
2023-03-17,Carrot,29.73
2023-03-17,Cabbage,13.81
2023-03-17,Spinach,10.45
2023-03-17,Cauliflower,17.48
2023-03-17,Broccoli,33.97
2023-03-17,Eggplant,31.6
2023-03-17,Capsicum,35.92
2023-03-18,Tomato,19.98
2023-03-18,Potato,18.79
2023-03-18,Onion,27.59
2023-03-18,Carrot,25.79
2023-03-18,Cabbage,13.86
2023-03-18,Spinach,13.44
2023-03-18,Cauliflower,17.41
2023-03-18,Broccoli,34.14
2023-03-18,Eggplant,30.54
2023-03-18,Capsicum,37.75
2023-03-19,Tomato,24.28
2023-03-19,Potato,10.46
2023-03-19,Onion,26.69
2023-03-19,Carrot,27.72
2023-03-19,Cabbage,14.43
2023-03-19,Spinach,9.12
2023-03-19,Cauliflower,23.46
2023-03-19,Broccoli,36.97
2023-03-19,Eggplant,27.78
2023-03-19,Capsicum,36.0
2023-03-20,Tomato,19.62
2023-03-20,Potato,11.55
2023-03-20,Onion,30.3
2023-03-20,Carrot,26.86
2023-03-20,Cabbage,17.58
2023-03-20,Spinach,13.54
2023-03-20,Cauliflower,24.62
2023-03-20,Broccoli,39.07
2023-03-20,Eggplant,23.91
2023-03-20,Capsicum,41.53
2023-03-21,Tomato,23.23
2023-03-21,Potato,15.11
2023-03-21,Onion,34.35
2023-03-21,Carrot,28.33
2023-03-21,Cabbage,15.3
2023-03-21,Spinach,6.2
2023-03-21,Cauliflower,21.87
2023-03-21,Broccoli,37.34
2023-03-21,Eggplant,29.69
2023-03-21,Capsicum,36.16
2023-03-22,Tomato,23.11
2023-03-22,Potato,18.21
2023-03-22,Onion,28.92
2023-03-22,Carrot,25.62
2023-03-22,Cabbage,16.85
2023-03-22,Spinach,8.22
2023-03-22,Cauliflower,17.9
2023-03-22,Broccoli,34.81
2023-03-22,Eggplant,23.35
2023-03-22,Capsicum,40.94
2023-03-23,Tomato,23.34
2023-03-23,Potato,11.93
2023-03-23,Onion,31.76
2023-03-23,Carrot,25.42
2023-03-23,Cabbage,15.06
2023-03-23,Spinach,6.72
2023-03-23,Cauliflower,24.35
2023-03-23,Broccoli,33.07
2023-03-23,Eggplant,32.2
2023-03-23,Capsicum,40.47
2023-03-24,Tomato,23.17
2023-03-24,Potato,19.47
2023-03-24,Onion,31.27
2023-03-24,Carrot,27.9
2023-03-24,Cabbage,18.1
2023-03-24,Spinach,9.48
2023-03-24,Cauliflower,22.35
2023-03-24,Broccoli,31.06
2023-03-24,Eggplant,31.26
2023-03-24,Capsicum,41.43
2023-03-25,Tomato,21.43
2023-03-25,Potato,15.95
2023-03-25,Onion,34.69
2023-03-25,Carrot,23.3
2023-03-25,Cabbage,14.38
2023-03-25,Spinach,5.48
2023-03-25,Cauliflower,23.29
2023-03-25,Broccoli,30.49
2023-03-25,Eggplant,26.08
2023-03-25,Capsicum,40.79
2023-03-26,Tomato,18.66
2023-03-26,Potato,19.38
2023-03-26,Onion,27.8
2023-03-26,Carrot,24.4
2023-03-26,Cabbage,20.66
2023-03-26,Spinach,5.6
2023-03-26,Cauliflower,21.15
2023-03-26,Broccoli,31.32
2023-03-26,Eggplant,26.83
2023-03-26,Capsicum,40.03
2023-03-27,Tomato,16.68
2023-03-27,Potato,12.42
2023-03-27,Onion,30.11
2023-03-27,Carrot,20.5
2023-03-27,Cabbage,15.5
2023-03-27,Spinach,5.1
2023-03-27,Cauliflower,25.83
2023-03-27,Broccoli,30.33
2023-03-27,Eggplant,30.41
2023-03-27,Capsicum,38.96
2023-03-28,Tomato,21.85
2023-03-28,Potato,13.92
2023-03-28,Onion,34.35
2023-03-28,Carrot,20.88
2023-03-28,Cabbage,20.8
2023-03-28,Spinach,8.57
2023-03-28,Cauliflower,22.55
2023-03-28,Broccoli,35.63
2023-03-28,Eggplant,30.72
2023-03-28,Capsicum,38.08
2023-03-29,Tomato,17.05
2023-03-29,Potato,18.8
2023-03-29,Onion,31.96
2023-03-29,Carrot,25.21
2023-03-29,Cabbage,22.89
2023-03-29,Spinach,10.42
2023-03-29,Cauliflower,20.26
2023-03-29,Broccoli,33.57
2023-03-29,Eggplant,26.59
2023-03-29,Capsicum,42.55
2023-03-30,Tomato,20.62
2023-03-30,Potato,11.97
2023-03-30,Onion,34.82
2023-03-30,Carrot,25.96
2023-03-30,Cabbage,15.25
2023-03-30,Spinach,13.16
2023-03-30,Cauliflower,26.58
2023-03-30,Broccoli,33.35
2023-03-30,Eggplant,32.22
2023-03-30,Capsicum,42.24
2023-03-31,Tomato,17.29
2023-03-31,Potato,10.07
2023-03-31,Onion,27.83
2023-03-31,Carrot,27.48
2023-03-31,Cabbage,20.39
2023-03-31,Spinach,11.64
2023-03-31,Cauliflower,24.19
2023-03-31,Broccoli,34.37
2023-03-31,Eggplant,30.54
2023-03-31,Capsicum,41.84
2023-04-01,Tomato,19.81
2023-04-01,Potato,14.34
2023-04-01,Onion,27.03
2023-04-01,Carrot,28.16
2023-04-01,Cabbage,20.99
2023-04-01,Spinach,8.92
2023-04-01,Cauliflower,26.57
2023-04-01,Broccoli,34.27
2023-04-01,Eggplant,28.6
2023-04-01,Capsicum,36.91
2023-04-02,Tomato,23.66
2023-04-02,Potato,11.46
2023-04-02,Onion,29.88
2023-04-02,Carrot,21.12
2023-04-02,Cabbage,16.44
2023-04-02,Spinach,12.16
2023-04-02,Cauliflower,19.62
2023-04-02,Broccoli,31.76
2023-04-02,Eggplant,26.95
2023-04-02,Capsicum,40.62
2023-04-03,Tomato,18.51
2023-04-03,Potato,15.36
2023-04-03,Onion,32.02
2023-04-03,Carrot,23.0
2023-04-03,Cabbage,21.49
2023-04-03,Spinach,7.57
2023-04-03,Cauliflower,17.36
2023-04-03,Broccoli,39.51
2023-04-03,Eggplant,28.13
2023-04-03,Capsicum,38.45
2023-04-04,Tomato,19.29
2023-04-04,Potato,18.81
2023-04-04,Onion,25.29
2023-04-04,Carrot,29.72
2023-04-04,Cabbage,17.7
2023-04-04,Spinach,7.19
2023-04-04,Cauliflower,24.41
2023-04-04,Broccoli,35.85
2023-04-04,Eggplant,31.72
2023-04-04,Capsicum,42.18
2023-04-05,Tomato,21.95
2023-04-05,Potato,10.15
2023-04-05,Onion,27.89
2023-04-05,Carrot,26.61
2023-04-05,Cabbage,18.14
2023-04-05,Spinach,7.74
2023-04-05,Cauliflower,22.03
2023-04-05,Broccoli,35.07
2023-04-05,Eggplant,23.74
2023-04-05,Capsicum,40.5
2023-04-06,Tomato,21.58
2023-04-06,Potato,14.77
2023-04-06,Onion,34.9
2023-04-06,Carrot,22.98
2023-04-06,Cabbage,15.32
2023-04-06,Spinach,11.05
2023-04-06,Cauliflower,26.85
2023-04-06,Broccoli,31.42
2023-04-06,Eggplant,32.39
2023-04-06,Capsicum,39.62
2023-04-07,Tomato,20.27
2023-04-07,Potato,18.0
2023-04-07,Onion,25.74
2023-04-07,Carrot,25.24
2023-04-07,Cabbage,17.89
2023-04-07,Spinach,13.79
2023-04-07,Cauliflower,22.32
2023-04-07,Broccoli,33.63
2023-04-07,Eggplant,31.85
2023-04-07,Capsicum,40.83
2023-04-08,Tomato,16.33
2023-04-08,Potato,17.6
2023-04-08,Onion,30.23
2023-04-08,Carrot,27.51
2023-04-08,Cabbage,20.87
2023-04-08,Spinach,14.98
2023-04-08,Cauliflower,24.29
2023-04-08,Broccoli,30.83
2023-04-08,Eggplant,24.68
2023-04-08,Capsicum,35.4
2023-04-09,Tomato,16.5
2023-04-09,Potato,18.98
2023-04-09,Onion,27.59
2023-04-09,Carrot,24.85
2023-04-09,Cabbage,16.19
2023-04-09,Spinach,14.61
2023-04-09,Cauliflower,24.66
2023-04-09,Broccoli,36.92
2023-04-09,Eggplant,27.04
2023-04-09,Capsicum,35.44
2023-04-10,Tomato,17.71
2023-04-10,Potato,10.59
2023-04-10,Onion,27.3
2023-04-10,Carrot,27.92
2023-04-10,Cabbage,13.87
2023-04-10,Spinach,6.75
2023-04-10,Cauliflower,26.29
2023-04-10,Broccoli,34.64
2023-04-10,Eggplant,23.47
2023-04-10,Capsicum,41.18
2023-04-11,Tomato,19.51
2023-04-11,Potato,19.14
2023-04-11,Onion,28.34
2023-04-11,Carrot,27.19
2023-04-11,Cabbage,21.8
2023-04-11,Spinach,5.33
2023-04-11,Cauliflower,25.43
2023-04-11,Broccoli,30.38
2023-04-11,Eggplant,30.14
2023-04-11,Capsicum,45.0
2023-04-12,Tomato,18.27
2023-04-12,Potato,12.11
2023-04-12,Onion,34.15
2023-04-12,Carrot,27.71
2023-04-12,Cabbage,22.82
2023-04-12,Spinach,12.54
2023-04-12,Cauliflower,23.33
2023-04-12,Broccoli,31.16
2023-04-12,Eggplant,23.81
2023-04-12,Capsicum,41.03
2023-04-13,Tomato,23.47
2023-04-13,Potato,14.88
2023-04-13,Onion,31.42
2023-04-13,Carrot,26.85
2023-04-13,Cabbage,20.01
2023-04-13,Spinach,11.27
2023-04-13,Cauliflower,18.9
2023-04-13,Broccoli,36.57
2023-04-13,Eggplant,29.25
2023-04-13,Capsicum,37.25
2023-04-14,Tomato,20.22
2023-04-14,Potato,10.59
2023-04-14,Onion,33.87
2023-04-14,Carrot,26.83
2023-04-14,Cabbage,13.17
2023-04-14,Spinach,5.03
2023-04-14,Cauliflower,20.03
2023-04-14,Broccoli,35.03
2023-04-14,Eggplant,23.05
2023-04-14,Capsicum,43.18
2023-04-15,Tomato,22.57
2023-04-15,Potato,19.55
2023-04-15,Onion,25.53
2023-04-15,Carrot,22.28
2023-04-15,Cabbage,20.83
2023-04-15,Spinach,5.17
2023-04-15,Cauliflower,23.8
2023-04-15,Broccoli,38.55
2023-04-15,Eggplant,23.47
2023-04-15,Capsicum,35.22
2023-04-16,Tomato,16.75
2023-04-16,Potato,19.8
2023-04-16,Onion,29.55
2023-04-16,Carrot,29.47
2023-04-16,Cabbage,21.69
2023-04-16,Spinach,8.31
2023-04-16,Cauliflower,18.92
2023-04-16,Broccoli,39.51
2023-04-16,Eggplant,23.66
2023-04-16,Capsicum,41.11
2023-04-17,Tomato,22.5
2023-04-17,Potato,16.28
2023-04-17,Onion,32.57
2023-04-17,Carrot,23.61
2023-04-17,Cabbage,19.99
2023-04-17,Spinach,8.3
2023-04-17,Cauliflower,22.09
2023-04-17,Broccoli,35.1
2023-04-17,Eggplant,32.95
2023-04-17,Capsicum,40.6
2023-04-18,Tomato,20.65
2023-04-18,Potato,11.02
2023-04-18,Onion,27.58
2023-04-18,Carrot,25.89
2023-04-18,Cabbage,17.58
2023-04-18,Spinach,8.92
2023-04-18,Cauliflower,23.63
2023-04-18,Broccoli,39.67
2023-04-18,Eggplant,24.8
2023-04-18,Capsicum,41.71
2023-04-19,Tomato,20.62
2023-04-19,Potato,17.67
2023-04-19,Onion,29.0
2023-04-19,Carrot,23.68
2023-04-19,Cabbage,14.14
2023-04-19,Spinach,11.2
2023-04-19,Cauliflower,21.56
2023-04-19,Broccoli,38.18
2023-04-19,Eggplant,23.79
2023-04-19,Capsicum,43.88
2023-04-20,Tomato,17.58
2023-04-20,Potato,13.97
2023-04-20,Onion,28.41
2023-04-20,Carrot,29.9
2023-04-20,Cabbage,16.47
2023-04-20,Spinach,5.67
2023-04-20,Cauliflower,17.87
2023-04-20,Broccoli,32.48
2023-04-20,Eggplant,32.47
2023-04-20,Capsicum,43.02
2023-04-21,Tomato,18.8
2023-04-21,Potato,19.1
2023-04-21,Onion,25.53
2023-04-21,Carrot,27.2
2023-04-21,Cabbage,17.33
2023-04-21,Spinach,11.24
2023-04-21,Cauliflower,24.72
2023-04-21,Broccoli,39.2
2023-04-21,Eggplant,23.31
2023-04-21,Capsicum,37.09
2023-04-22,Tomato,18.24
2023-04-22,Potato,19.71
2023-04-22,Onion,26.2
2023-04-22,Carrot,21.2
2023-04-22,Cabbage,18.54
2023-04-22,Spinach,7.37
2023-04-22,Cauliflower,19.29
2023-04-22,Broccoli,35.63
2023-04-22,Eggplant,32.78
2023-04-22,Capsicum,44.56
2023-04-23,Tomato,23.95
2023-04-23,Potato,16.17
2023-04-23,Onion,31.09
2023-04-23,Carrot,20.16
2023-04-23,Cabbage,19.6
2023-04-23,Spinach,10.4
2023-04-23,Cauliflower,18.96
2023-04-23,Broccoli,34.43
2023-04-23,Eggplant,24.33
2023-04-23,Capsicum,36.12
2023-04-24,Tomato,18.04
2023-04-24,Potato,19.24
2023-04-24,Onion,31.66
2023-04-24,Carrot,20.61
2023-04-24,Cabbage,21.09
2023-04-24,Spinach,7.35
2023-04-24,Cauliflower,26.17
2023-04-24,Broccoli,32.96
2023-04-24,Eggplant,30.07
2023-04-24,Capsicum,37.42
2023-04-25,Tomato,20.21
2023-04-25,Potato,14.9
2023-04-25,Onion,27.78
2023-04-25,Carrot,24.32
2023-04-25,Cabbage,14.03
2023-04-25,Spinach,9.95
2023-04-25,Cauliflower,22.11
2023-04-25,Broccoli,31.94
2023-04-25,Eggplant,30.96
2023-04-25,Capsicum,39.87
2023-04-26,Tomato,20.01
2023-04-26,Potato,11.45
2023-04-26,Onion,30.21
2023-04-26,Carrot,24.85
2023-04-26,Cabbage,15.06
2023-04-26,Spinach,14.33
2023-04-26,Cauliflower,17.98
2023-04-26,Broccoli,38.72
2023-04-26,Eggplant,24.13
2023-04-26,Capsicum,37.94
2023-04-27,Tomato,22.7
2023-04-27,Potato,16.73
2023-04-27,Onion,32.93
2023-04-27,Carrot,21.43
2023-04-27,Cabbage,17.34
2023-04-27,Spinach,5.28
2023-04-27,Cauliflower,21.64
2023-04-27,Broccoli,30.28
2023-04-27,Eggplant,31.29
2023-04-27,Capsicum,35.77
2023-04-28,Tomato,22.44
2023-04-28,Potato,12.46
2023-04-28,Onion,34.87
2023-04-28,Carrot,23.0
2023-04-28,Cabbage,13.25
2023-04-28,Spinach,6.86
2023-04-28,Cauliflower,19.87
2023-04-28,Broccoli,35.98
2023-04-28,Eggplant,23.16
2023-04-28,Capsicum,37.04
2023-04-29,Tomato,21.31
2023-04-29,Potato,15.73
2023-04-29,Onion,26.42
2023-04-29,Carrot,27.78
2023-04-29,Cabbage,13.26
2023-04-29,Spinach,9.44
2023-04-29,Cauliflower,22.84
2023-04-29,Broccoli,36.73
2023-04-29,Eggplant,30.57
2023-04-29,Capsicum,40.53
2023-04-30,Tomato,20.78
2023-04-30,Potato,17.88
2023-04-30,Onion,34.33
2023-04-30,Carrot,25.0
2023-04-30,Cabbage,15.07
2023-04-30,Spinach,9.15
2023-04-30,Cauliflower,25.4
2023-04-30,Broccoli,38.63
2023-04-30,Eggplant,29.35
2023-04-30,Capsicum,41.13
2023-05-01,Tomato,21.59
2023-05-01,Potato,19.52
2023-05-01,Onion,32.86
2023-05-01,Carrot,27.58
2023-05-01,Cabbage,15.0
2023-05-01,Spinach,12.97
2023-05-01,Cauliflower,24.7
2023-05-01,Broccoli,39.89
2023-05-01,Eggplant,32.14
2023-05-01,Capsicum,43.72
2023-05-02,Tomato,22.53
2023-05-02,Potato,17.55
2023-05-02,Onion,31.19
2023-05-02,Carrot,27.7
2023-05-02,Cabbage,18.95
2023-05-02,Spinach,13.01
2023-05-02,Cauliflower,25.06
2023-05-02,Broccoli,30.12
2023-05-02,Eggplant,28.49
2023-05-02,Capsicum,42.6
2023-05-03,Tomato,17.52
2023-05-03,Potato,10.86
2023-05-03,Onion,25.68
2023-05-03,Carrot,28.92
2023-05-03,Cabbage,15.69
2023-05-03,Spinach,8.66
2023-05-03,Cauliflower,19.15
2023-05-03,Broccoli,30.41
2023-05-03,Eggplant,31.27
2023-05-03,Capsicum,37.49
2023-05-04,Tomato,19.66
2023-05-04,Potato,14.07
2023-05-04,Onion,27.07
2023-05-04,Carrot,26.96
2023-05-04,Cabbage,17.58
2023-05-04,Spinach,14.48
2023-05-04,Cauliflower,25.73
2023-05-04,Broccoli,33.1
2023-05-04,Eggplant,27.61
2023-05-04,Capsicum,36.42
2023-05-05,Tomato,15.63
2023-05-05,Potato,16.66
2023-05-05,Onion,28.56
2023-05-05,Carrot,28.29
2023-05-05,Cabbage,15.29
2023-05-05,Spinach,6.05
2023-05-05,Cauliflower,25.93
2023-05-05,Broccoli,30.49
2023-05-05,Eggplant,26.83
2023-05-05,Capsicum,37.22
2023-05-06,Tomato,20.1
2023-05-06,Potato,18.9
2023-05-06,Onion,26.2
2023-05-06,Carrot,29.01
2023-05-06,Cabbage,16.4
2023-05-06,Spinach,14.74
2023-05-06,Cauliflower,19.74
2023-05-06,Broccoli,37.99
2023-05-06,Eggplant,26.69
2023-05-06,Capsicum,40.38
2023-05-07,Tomato,21.16
2023-05-07,Potato,11.68
2023-05-07,Onion,33.26
2023-05-07,Carrot,26.98
2023-05-07,Cabbage,17.23
2023-05-07,Spinach,11.37
2023-05-07,Cauliflower,17.48
2023-05-07,Broccoli,34.16
2023-05-07,Eggplant,23.44
2023-05-07,Capsicum,36.57
2023-05-08,Tomato,15.44
2023-05-08,Potato,17.56
2023-05-08,Onion,34.58
2023-05-08,Carrot,22.51
2023-05-08,Cabbage,14.4
2023-05-08,Spinach,14.18
2023-05-08,Cauliflower,21.22
2023-05-08,Broccoli,37.05
2023-05-08,Eggplant,23.38
2023-05-08,Capsicum,37.7
2023-05-09,Tomato,15.26
2023-05-09,Potato,14.21
2023-05-09,Onion,32.02
2023-05-09,Carrot,20.72
2023-05-09,Cabbage,15.62
2023-05-09,Spinach,6.52
2023-05-09,Cauliflower,26.23
2023-05-09,Broccoli,32.48
2023-05-09,Eggplant,27.73
2023-05-09,Capsicum,41.41
2023-05-10,Tomato,18.4
2023-05-10,Potato,11.82
2023-05-10,Onion,29.11
2023-05-10,Carrot,28.65
2023-05-10,Cabbage,20.79
2023-05-10,Spinach,8.09
2023-05-10,Cauliflower,24.49
2023-05-10,Broccoli,30.49
2023-05-10,Eggplant,30.82
2023-05-10,Capsicum,37.45
2023-05-11,Tomato,15.96
2023-05-11,Potato,16.19
2023-05-11,Onion,25.44
2023-05-11,Carrot,21.24
2023-05-11,Cabbage,18.08
2023-05-11,Spinach,8.86
2023-05-11,Cauliflower,20.95
2023-05-11,Broccoli,37.27
2023-05-11,Eggplant,32.8
2023-05-11,Capsicum,38.64
2023-05-12,Tomato,15.12
2023-05-12,Potato,17.98
2023-05-12,Onion,30.85
2023-05-12,Carrot,28.33
2023-05-12,Cabbage,13.01
2023-05-12,Spinach,11.44
2023-05-12,Cauliflower,22.62
2023-05-12,Broccoli,31.44
2023-05-12,Eggplant,30.05
2023-05-12,Capsicum,35.1
2023-05-13,Tomato,22.67
2023-05-13,Potato,12.0
2023-05-13,Onion,25.26
2023-05-13,Carrot,29.29
2023-05-13,Cabbage,14.72
2023-05-13,Spinach,8.31
2023-05-13,Cauliflower,20.86
2023-05-13,Broccoli,34.92
2023-05-13,Eggplant,27.47
2023-05-13,Capsicum,36.05
2023-05-14,Tomato,17.52
2023-05-14,Potato,18.27
2023-05-14,Onion,26.38
2023-05-14,Carrot,28.44
2023-05-14,Cabbage,22.28
2023-05-14,Spinach,6.35
2023-05-14,Cauliflower,23.89
2023-05-14,Broccoli,37.85
2023-05-14,Eggplant,24.68
2023-05-14,Capsicum,39.57
2023-05-15,Tomato,21.28
2023-05-15,Potato,14.98
2023-05-15,Onion,33.82
2023-05-15,Carrot,21.09
2023-05-15,Cabbage,20.67
2023-05-15,Spinach,9.32
2023-05-15,Cauliflower,17.7
2023-05-15,Broccoli,38.29
2023-05-15,Eggplant,24.31
2023-05-15,Capsicum,41.91
2023-05-16,Tomato,18.58
2023-05-16,Potato,18.6
2023-05-16,Onion,26.17
2023-05-16,Carrot,23.59
2023-05-16,Cabbage,15.12
2023-05-16,Spinach,9.06
2023-05-16,Cauliflower,23.8
2023-05-16,Broccoli,39.33
2023-05-16,Eggplant,27.71
2023-05-16,Capsicum,42.3
2023-05-17,Tomato,19.44
2023-05-17,Potato,16.55
2023-05-17,Onion,28.31
2023-05-17,Carrot,28.37
2023-05-17,Cabbage,18.46
2023-05-17,Spinach,14.3
2023-05-17,Cauliflower,19.68
2023-05-17,Broccoli,39.85
2023-05-17,Eggplant,25.26
2023-05-17,Capsicum,38.75
2023-05-18,Tomato,21.0
2023-05-18,Potato,17.88
2023-05-18,Onion,28.62
2023-05-18,Carrot,29.49
2023-05-18,Cabbage,20.4
2023-05-18,Spinach,13.47
2023-05-18,Cauliflower,24.26
2023-05-18,Broccoli,37.06
2023-05-18,Eggplant,23.68
2023-05-18,Capsicum,38.67
2023-05-19,Tomato,19.8
2023-05-19,Potato,16.18
2023-05-19,Onion,29.42
2023-05-19,Carrot,26.9
2023-05-19,Cabbage,14.12
2023-05-19,Spinach,12.08
2023-05-19,Cauliflower,19.3
2023-05-19,Broccoli,35.71
2023-05-19,Eggplant,26.03
2023-05-19,Capsicum,35.41
2023-05-20,Tomato,15.5
2023-05-20,Potato,14.9
2023-05-20,Onion,27.12
2023-05-20,Carrot,29.01
2023-05-20,Cabbage,13.59
2023-05-20,Spinach,13.8
2023-05-20,Cauliflower,24.86
2023-05-20,Broccoli,37.29
2023-05-20,Eggplant,27.88
2023-05-20,Capsicum,41.28
2023-05-21,Tomato,23.79
2023-05-21,Potato,14.71
2023-05-21,Onion,34.35
2023-05-21,Carrot,28.19
2023-05-21,Cabbage,18.64
2023-05-21,Spinach,12.5
2023-05-21,Cauliflower,24.97
2023-05-21,Broccoli,39.96
2023-05-21,Eggplant,26.51
2023-05-21,Capsicum,37.82
2023-05-22,Tomato,23.27
2023-05-22,Potato,16.92
2023-05-22,Onion,27.41
2023-05-22,Carrot,24.73
2023-05-22,Cabbage,14.71
2023-05-22,Spinach,10.07
2023-05-22,Cauliflower,22.04
2023-05-22,Broccoli,34.17
2023-05-22,Eggplant,31.42
2023-05-22,Capsicum,43.21
2023-05-23,Tomato,17.97
2023-05-23,Potato,16.56
2023-05-23,Onion,29.03
2023-05-23,Carrot,20.25
2023-05-23,Cabbage,16.58
2023-05-23,Spinach,13.86
2023-05-23,Cauliflower,19.14
2023-05-23,Broccoli,36.88
2023-05-23,Eggplant,24.02
2023-05-23,Capsicum,42.24
2023-05-24,Tomato,17.22
2023-05-24,Potato,11.59
2023-05-24,Onion,32.02
2023-05-24,Carrot,24.67
2023-05-24,Cabbage,18.74
2023-05-24,Spinach,13.65
2023-05-24,Cauliflower,24.25
2023-05-24,Broccoli,34.7
2023-05-24,Eggplant,28.27
2023-05-24,Capsicum,38.6
2023-05-25,Tomato,15.08
2023-05-25,Potato,15.27
2023-05-25,Onion,27.75
2023-05-25,Carrot,25.29
2023-05-25,Cabbage,20.49
2023-05-25,Spinach,12.13
2023-05-25,Cauliflower,21.21
2023-05-25,Broccoli,38.23
2023-05-25,Eggplant,28.55
2023-05-25,Capsicum,41.34
2023-05-26,Tomato,16.33
2023-05-26,Potato,16.6
2023-05-26,Onion,26.48
2023-05-26,Carrot,24.22
2023-05-26,Cabbage,15.79
2023-05-26,Spinach,6.89
2023-05-26,Cauliflower,25.65
2023-05-26,Broccoli,31.38
2023-05-26,Eggplant,26.44
2023-05-26,Capsicum,41.02
2023-05-27,Tomato,20.33
2023-05-27,Potato,10.91
2023-05-27,Onion,28.74
2023-05-27,Carrot,21.36
2023-05-27,Cabbage,16.42
2023-05-27,Spinach,8.7
2023-05-27,Cauliflower,25.13
2023-05-27,Broccoli,35.81
2023-05-27,Eggplant,27.94
2023-05-27,Capsicum,40.83
2023-05-28,Tomato,20.98
2023-05-28,Potato,18.27
2023-05-28,Onion,31.66
2023-05-28,Carrot,21.57
2023-05-28,Cabbage,22.82
2023-05-28,Spinach,10.82
2023-05-28,Cauliflower,19.46
2023-05-28,Broccoli,30.73
2023-05-28,Eggplant,26.38
2023-05-28,Capsicum,40.24
2023-05-29,Tomato,18.07
2023-05-29,Potato,11.72
2023-05-29,Onion,25.99
2023-05-29,Carrot,25.11
2023-05-29,Cabbage,15.93
2023-05-29,Spinach,14.01
2023-05-29,Cauliflower,22.44
2023-05-29,Broccoli,30.67
2023-05-29,Eggplant,31.4
2023-05-29,Capsicum,36.31
2023-05-30,Tomato,19.35
2023-05-30,Potato,13.69
2023-05-30,Onion,27.27
2023-05-30,Carrot,23.2
2023-05-30,Cabbage,13.02
2023-05-30,Spinach,5.98
2023-05-30,Cauliflower,24.86
2023-05-30,Broccoli,36.67
2023-05-30,Eggplant,24.6
2023-05-30,Capsicum,38.45
2023-05-31,Tomato,21.55
2023-05-31,Potato,14.63
2023-05-31,Onion,29.22
2023-05-31,Carrot,21.94
2023-05-31,Cabbage,16.82
2023-05-31,Spinach,7.51
2023-05-31,Cauliflower,26.62
2023-05-31,Broccoli,30.87
2023-05-31,Eggplant,32.08
2023-05-31,Capsicum,38.79
2023-06-01,Tomato,23.28
2023-06-01,Potato,19.03
2023-06-01,Onion,31.29
2023-06-01,Carrot,20.66
2023-06-01,Cabbage,20.2
2023-06-01,Spinach,10.24
2023-06-01,Cauliflower,23.92
2023-06-01,Broccoli,38.0
2023-06-01,Eggplant,27.32
2023-06-01,Capsicum,41.71
2023-06-02,Tomato,21.56
2023-06-02,Potato,15.34
2023-06-02,Onion,26.37
2023-06-02,Carrot,24.16
2023-06-02,Cabbage,22.53
2023-06-02,Spinach,8.02
2023-06-02,Cauliflower,23.98
2023-06-02,Broccoli,36.44
2023-06-02,Eggplant,30.45
2023-06-02,Capsicum,36.99
2023-06-03,Tomato,15.68
2023-06-03,Potato,12.19
2023-06-03,Onion,29.39
2023-06-03,Carrot,23.7
2023-06-03,Cabbage,22.68
2023-06-03,Spinach,12.48
2023-06-03,Cauliflower,22.44
2023-06-03,Broccoli,37.08
2023-06-03,Eggplant,28.44
2023-06-03,Capsicum,39.35
2023-06-04,Tomato,20.22
2023-06-04,Potato,13.64
2023-06-04,Onion,31.41
2023-06-04,Carrot,26.29
2023-06-04,Cabbage,22.0
2023-06-04,Spinach,13.2
2023-06-04,Cauliflower,26.12
2023-06-04,Broccoli,31.6
2023-06-04,Eggplant,27.11
2023-06-04,Capsicum,44.03
2023-06-05,Tomato,22.28
2023-06-05,Potato,12.69
2023-06-05,Onion,33.33
2023-06-05,Carrot,28.42
2023-06-05,Cabbage,19.83
2023-06-05,Spinach,11.08
2023-06-05,Cauliflower,22.84
2023-06-05,Broccoli,30.15
2023-06-05,Eggplant,29.55
2023-06-05,Capsicum,41.41
2023-06-06,Tomato,16.12
2023-06-06,Potato,13.74
2023-06-06,Onion,30.34
2023-06-06,Carrot,25.55
2023-06-06,Cabbage,21.11
2023-06-06,Spinach,8.62
2023-06-06,Cauliflower,23.06
2023-06-06,Broccoli,36.4
2023-06-06,Eggplant,23.37
2023-06-06,Capsicum,38.53
2023-06-07,Tomato,17.85
2023-06-07,Potato,10.89
2023-06-07,Onion,27.21
2023-06-07,Carrot,25.33
2023-06-07,Cabbage,21.38
2023-06-07,Spinach,6.31
2023-06-07,Cauliflower,24.85
2023-06-07,Broccoli,38.4
2023-06-07,Eggplant,26.12
2023-06-07,Capsicum,43.35
2023-06-08,Tomato,20.04
2023-06-08,Potato,15.27
2023-06-08,Onion,33.07
2023-06-08,Carrot,24.51
2023-06-08,Cabbage,19.95
2023-06-08,Spinach,8.91
2023-06-08,Cauliflower,19.19
2023-06-08,Broccoli,30.05
2023-06-08,Eggplant,28.65
2023-06-08,Capsicum,40.74
2023-06-09,Tomato,16.33
2023-06-09,Potato,19.97
2023-06-09,Onion,30.75
2023-06-09,Carrot,23.17
2023-06-09,Cabbage,16.3
2023-06-09,Spinach,13.98
2023-06-09,Cauliflower,18.84
2023-06-09,Broccoli,34.0
2023-06-09,Eggplant,25.86
2023-06-09,Capsicum,36.4
2023-06-10,Tomato,18.21
2023-06-10,Potato,15.69
2023-06-10,Onion,29.59
2023-06-10,Carrot,26.39
2023-06-10,Cabbage,15.03
2023-06-10,Spinach,14.02
2023-06-10,Cauliflower,17.21
2023-06-10,Broccoli,33.26
2023-06-10,Eggplant,26.16
2023-06-10,Capsicum,44.35
2023-06-11,Tomato,16.17
2023-06-11,Potato,12.46
2023-06-11,Onion,33.04
2023-06-11,Carrot,21.99
2023-06-11,Cabbage,15.44
2023-06-11,Spinach,9.13
2023-06-11,Cauliflower,24.16
2023-06-11,Broccoli,33.76
2023-06-11,Eggplant,31.17
2023-06-11,Capsicum,43.7
2023-06-12,Tomato,19.94
2023-06-12,Potato,10.6
2023-06-12,Onion,25.23
2023-06-12,Carrot,26.06
2023-06-12,Cabbage,18.14
2023-06-12,Spinach,8.43
2023-06-12,Cauliflower,19.86
2023-06-12,Broccoli,33.53
2023-06-12,Eggplant,31.46
2023-06-12,Capsicum,36.17
2023-06-13,Tomato,20.53
2023-06-13,Potato,19.1
2023-06-13,Onion,32.91
2023-06-13,Carrot,22.98
2023-06-13,Cabbage,17.51
2023-06-13,Spinach,7.97
2023-06-13,Cauliflower,18.79
2023-06-13,Broccoli,30.53
2023-06-13,Eggplant,27.66
2023-06-13,Capsicum,37.72
2023-06-14,Tomato,24.09
2023-06-14,Potato,15.93
2023-06-14,Onion,30.85
2023-06-14,Carrot,28.87
2023-06-14,Cabbage,21.48
2023-06-14,Spinach,12.91
2023-06-14,Cauliflower,24.57
2023-06-14,Broccoli,39.01
2023-06-14,Eggplant,32.73
2023-06-14,Capsicum,43.72
2023-06-15,Tomato,21.59
2023-06-15,Potato,19.83
2023-06-15,Onion,28.5
2023-06-15,Carrot,29.7
2023-06-15,Cabbage,16.11
2023-06-15,Spinach,8.63
2023-06-15,Cauliflower,19.35
2023-06-15,Broccoli,34.91
2023-06-15,Eggplant,26.02
2023-06-15,Capsicum,44.0
2023-06-16,Tomato,15.18
2023-06-16,Potato,17.73
2023-06-16,Onion,31.74
2023-06-16,Carrot,28.4
2023-06-16,Cabbage,20.35
2023-06-16,Spinach,11.62
2023-06-16,Cauliflower,19.37
2023-06-16,Broccoli,32.93
2023-06-16,Eggplant,25.72
2023-06-16,Capsicum,36.31
2023-06-17,Tomato,24.78
2023-06-17,Potato,18.01
2023-06-17,Onion,32.88
2023-06-17,Carrot,26.41
2023-06-17,Cabbage,21.83
2023-06-17,Spinach,11.23
2023-06-17,Cauliflower,25.73
2023-06-17,Broccoli,34.76
2023-06-17,Eggplant,25.98
2023-06-17,Capsicum,39.4
2023-06-18,Tomato,18.79
2023-06-18,Potato,11.76
2023-06-18,Onion,33.0
2023-06-18,Carrot,22.81
2023-06-18,Cabbage,16.69
2023-06-18,Spinach,12.25
2023-06-18,Cauliflower,19.53
2023-06-18,Broccoli,39.65
2023-06-18,Eggplant,28.49
2023-06-18,Capsicum,43.54
2023-06-19,Tomato,16.56
2023-06-19,Potato,13.71
2023-06-19,Onion,29.74
2023-06-19,Carrot,22.13
2023-06-19,Cabbage,16.87
2023-06-19,Spinach,5.37
2023-06-19,Cauliflower,18.02
2023-06-19,Broccoli,36.12
2023-06-19,Eggplant,28.98
2023-06-19,Capsicum,40.26
2023-06-20,Tomato,20.55
2023-06-20,Potato,14.04
2023-06-20,Onion,34.48
2023-06-20,Carrot,26.48
2023-06-20,Cabbage,13.13
2023-06-20,Spinach,5.19
2023-06-20,Cauliflower,26.17
2023-06-20,Broccoli,34.26
2023-06-20,Eggplant,26.89
2023-06-20,Capsicum,35.23
2023-06-21,Tomato,22.81
2023-06-21,Potato,16.34
2023-06-21,Onion,34.66
2023-06-21,Carrot,27.9
2023-06-21,Cabbage,16.46
2023-06-21,Spinach,6.68
2023-06-21,Cauliflower,19.4
2023-06-21,Broccoli,38.11
2023-06-21,Eggplant,26.42
2023-06-21,Capsicum,39.34
2023-06-22,Tomato,19.64
2023-06-22,Potato,16.58
2023-06-22,Onion,28.13
2023-06-22,Carrot,25.2
2023-06-22,Cabbage,17.78
2023-06-22,Spinach,7.24
2023-06-22,Cauliflower,19.29
2023-06-22,Broccoli,30.12
2023-06-22,Eggplant,31.43
2023-06-22,Capsicum,39.22
2023-06-23,Tomato,21.99
2023-06-23,Potato,14.85
2023-06-23,Onion,31.92
2023-06-23,Carrot,22.35
2023-06-23,Cabbage,21.99
2023-06-23,Spinach,8.53
2023-06-23,Cauliflower,25.53
2023-06-23,Broccoli,30.28
2023-06-23,Eggplant,29.78
2023-06-23,Capsicum,42.64
2023-06-24,Tomato,21.57
2023-06-24,Potato,19.58
2023-06-24,Onion,25.52
2023-06-24,Carrot,22.65
2023-06-24,Cabbage,21.05
2023-06-24,Spinach,13.37
2023-06-24,Cauliflower,22.13
2023-06-24,Broccoli,35.77
2023-06-24,Eggplant,28.71
2023-06-24,Capsicum,40.52
2023-06-25,Tomato,16.17
2023-06-25,Potato,13.54
2023-06-25,Onion,32.75
2023-06-25,Carrot,26.92
2023-06-25,Cabbage,14.83
2023-06-25,Spinach,11.55
2023-06-25,Cauliflower,25.49
2023-06-25,Broccoli,37.21
2023-06-25,Eggplant,25.74
2023-06-25,Capsicum,36.62
2023-06-26,Tomato,16.89
2023-06-26,Potato,14.09
2023-06-26,Onion,28.04
2023-06-26,Carrot,21.76
2023-06-26,Cabbage,22.69
2023-06-26,Spinach,9.18
2023-06-26,Cauliflower,25.07
2023-06-26,Broccoli,32.56
2023-06-26,Eggplant,26.48
2023-06-26,Capsicum,36.76
2023-06-27,Tomato,18.63
2023-06-27,Potato,10.12
2023-06-27,Onion,25.52
2023-06-27,Carrot,21.2
2023-06-27,Cabbage,22.07
2023-06-27,Spinach,8.45
2023-06-27,Cauliflower,21.74
2023-06-27,Broccoli,38.19
2023-06-27,Eggplant,31.0
2023-06-27,Capsicum,35.57
2023-06-28,Tomato,24.27
2023-06-28,Potato,17.28
2023-06-28,Onion,29.19
2023-06-28,Carrot,26.56
2023-06-28,Cabbage,21.04
2023-06-28,Spinach,11.83
2023-06-28,Cauliflower,17.18
2023-06-28,Broccoli,32.01
2023-06-28,Eggplant,31.85
2023-06-28,Capsicum,36.32
2023-06-29,Tomato,22.54
2023-06-29,Potato,18.84
2023-06-29,Onion,33.73
2023-06-29,Carrot,22.08
2023-06-29,Cabbage,19.64
2023-06-29,Spinach,8.08
2023-06-29,Cauliflower,25.46
2023-06-29,Broccoli,34.71
2023-06-29,Eggplant,26.9
2023-06-29,Capsicum,37.39
2023-06-30,Tomato,23.61
2023-06-30,Potato,11.55
2023-06-30,Onion,32.51
2023-06-30,Carrot,22.61
2023-06-30,Cabbage,14.79
2023-06-30,Spinach,13.07
2023-06-30,Cauliflower,19.85
2023-06-30,Broccoli,34.25
2023-06-30,Eggplant,24.47
2023-06-30,Capsicum,38.87
2023-07-01,Tomato,21.71
2023-07-01,Potato,14.68
2023-07-01,Onion,27.19
2023-07-01,Carrot,29.23
2023-07-01,Cabbage,16.61
2023-07-01,Spinach,13.17
2023-07-01,Cauliflower,18.75
2023-07-01,Broccoli,36.87
2023-07-01,Eggplant,24.38
2023-07-01,Capsicum,44.41
2023-07-02,Tomato,22.58
2023-07-02,Potato,17.39
2023-07-02,Onion,32.61
2023-07-02,Carrot,29.92
2023-07-02,Cabbage,13.63
2023-07-02,Spinach,12.44
2023-07-02,Cauliflower,24.57
2023-07-02,Broccoli,35.93
2023-07-02,Eggplant,23.9
2023-07-02,Capsicum,41.92
2023-07-03,Tomato,16.19
2023-07-03,Potato,13.3
2023-07-03,Onion,30.43
2023-07-03,Carrot,21.17
2023-07-03,Cabbage,13.75
2023-07-03,Spinach,14.85
2023-07-03,Cauliflower,22.2
2023-07-03,Broccoli,31.73
2023-07-03,Eggplant,28.46
2023-07-03,Capsicum,37.79
2023-07-04,Tomato,17.47
2023-07-04,Potato,16.61
2023-07-04,Onion,31.43
2023-07-04,Carrot,20.41
2023-07-04,Cabbage,15.7
2023-07-04,Spinach,6.09
2023-07-04,Cauliflower,23.85
2023-07-04,Broccoli,38.51
2023-07-04,Eggplant,27.74
2023-07-04,Capsicum,38.33
2023-07-05,Tomato,19.24
2023-07-05,Potato,15.88
2023-07-05,Onion,34.12
2023-07-05,Carrot,20.11
2023-07-05,Cabbage,21.58
2023-07-05,Spinach,13.4
2023-07-05,Cauliflower,24.11
2023-07-05,Broccoli,31.19
2023-07-05,Eggplant,27.8
2023-07-05,Capsicum,37.94
2023-07-06,Tomato,23.38
2023-07-06,Potato,13.89
2023-07-06,Onion,26.08
2023-07-06,Carrot,23.11
2023-07-06,Cabbage,21.7
2023-07-06,Spinach,12.03
2023-07-06,Cauliflower,25.55
2023-07-06,Broccoli,38.39
2023-07-06,Eggplant,28.77
2023-07-06,Capsicum,40.17
2023-07-07,Tomato,19.19
2023-07-07,Potato,13.37
2023-07-07,Onion,31.34
2023-07-07,Carrot,21.61
2023-07-07,Cabbage,13.17
2023-07-07,Spinach,7.48
2023-07-07,Cauliflower,22.32
2023-07-07,Broccoli,33.02
2023-07-07,Eggplant,28.48
2023-07-07,Capsicum,43.69
2023-07-08,Tomato,19.89
2023-07-08,Potato,19.78
2023-07-08,Onion,28.44
2023-07-08,Carrot,23.34
2023-07-08,Cabbage,14.3
2023-07-08,Spinach,12.25
2023-07-08,Cauliflower,22.3
2023-07-08,Broccoli,30.05
2023-07-08,Eggplant,28.38
2023-07-08,Capsicum,41.61
2023-07-09,Tomato,16.21
2023-07-09,Potato,19.37
2023-07-09,Onion,26.63
2023-07-09,Carrot,22.64
2023-07-09,Cabbage,14.04
2023-07-09,Spinach,9.73
2023-07-09,Cauliflower,26.5
2023-07-09,Broccoli,32.76
2023-07-09,Eggplant,32.0
2023-07-09,Capsicum,43.13
2023-07-10,Tomato,22.32
2023-07-10,Potato,11.98
2023-07-10,Onion,25.38
2023-07-10,Carrot,20.3
2023-07-10,Cabbage,16.53
2023-07-10,Spinach,9.32
2023-07-10,Cauliflower,25.18
2023-07-10,Broccoli,30.86
2023-07-10,Eggplant,31.99
2023-07-10,Capsicum,35.09
2023-07-11,Tomato,19.69
2023-07-11,Potato,16.19
2023-07-11,Onion,33.3
2023-07-11,Carrot,26.8
2023-07-11,Cabbage,16.89
2023-07-11,Spinach,7.48
2023-07-11,Cauliflower,19.22
2023-07-11,Broccoli,34.73
2023-07-11,Eggplant,27.62
2023-07-11,Capsicum,40.14
2023-07-12,Tomato,15.13
2023-07-12,Potato,14.58
2023-07-12,Onion,33.35
2023-07-12,Carrot,28.82
2023-07-12,Cabbage,20.45
2023-07-12,Spinach,6.32
2023-07-12,Cauliflower,21.73
2023-07-12,Broccoli,32.65
2023-07-12,Eggplant,27.16
2023-07-12,Capsicum,38.44
2023-07-13,Tomato,22.81
2023-07-13,Potato,10.02
2023-07-13,Onion,25.66
2023-07-13,Carrot,23.71
2023-07-13,Cabbage,18.39
2023-07-13,Spinach,9.28
2023-07-13,Cauliflower,17.81
2023-07-13,Broccoli,37.93
2023-07-13,Eggplant,26.56
2023-07-13,Capsicum,40.17
2023-07-14,Tomato,17.58
2023-07-14,Potato,10.89
2023-07-14,Onion,26.0
2023-07-14,Carrot,20.84
2023-07-14,Cabbage,20.2
2023-07-14,Spinach,11.56
2023-07-14,Cauliflower,26.4
2023-07-14,Broccoli,35.67
2023-07-14,Eggplant,30.0
2023-07-14,Capsicum,41.56
2023-07-15,Tomato,15.8
2023-07-15,Potato,16.58
2023-07-15,Onion,32.1
2023-07-15,Carrot,29.07
2023-07-15,Cabbage,14.5
2023-07-15,Spinach,12.27
2023-07-15,Cauliflower,18.53
2023-07-15,Broccoli,38.83
2023-07-15,Eggplant,27.14
2023-07-15,Capsicum,44.49
2023-07-16,Tomato,19.05
2023-07-16,Potato,14.82
2023-07-16,Onion,28.72
2023-07-16,Carrot,25.75
2023-07-16,Cabbage,16.62
2023-07-16,Spinach,7.56
2023-07-16,Cauliflower,20.7
2023-07-16,Broccoli,35.02
2023-07-16,Eggplant,24.14
2023-07-16,Capsicum,43.34
2023-07-17,Tomato,19.9
2023-07-17,Potato,17.66
2023-07-17,Onion,34.43
2023-07-17,Carrot,23.87
2023-07-17,Cabbage,16.45
2023-07-17,Spinach,13.88
2023-07-17,Cauliflower,23.73
2023-07-17,Broccoli,32.61
2023-07-17,Eggplant,31.04
2023-07-17,Capsicum,37.18
2023-07-18,Tomato,24.32
2023-07-18,Potato,11.84
2023-07-18,Onion,28.04
2023-07-18,Carrot,22.7
2023-07-18,Cabbage,13.71
2023-07-18,Spinach,11.63
2023-07-18,Cauliflower,21.98
2023-07-18,Broccoli,35.96
2023-07-18,Eggplant,28.81
2023-07-18,Capsicum,37.16
2023-07-19,Tomato,20.72
2023-07-19,Potato,14.21
2023-07-19,Onion,27.77
2023-07-19,Carrot,27.27
2023-07-19,Cabbage,21.01
2023-07-19,Spinach,12.86
2023-07-19,Cauliflower,24.04
2023-07-19,Broccoli,36.39
2023-07-19,Eggplant,24.89
2023-07-19,Capsicum,39.22
2023-07-20,Tomato,24.64
2023-07-20,Potato,15.14
2023-07-20,Onion,28.45
2023-07-20,Carrot,25.14
2023-07-20,Cabbage,14.02
2023-07-20,Spinach,12.23
2023-07-20,Cauliflower,17.88
2023-07-20,Broccoli,35.39
2023-07-20,Eggplant,23.94
2023-07-20,Capsicum,44.94
2023-07-21,Tomato,20.42
2023-07-21,Potato,15.87
2023-07-21,Onion,27.9
2023-07-21,Carrot,24.0
2023-07-21,Cabbage,22.49
2023-07-21,Spinach,8.6
2023-07-21,Cauliflower,22.08
2023-07-21,Broccoli,32.99
2023-07-21,Eggplant,26.95
2023-07-21,Capsicum,38.2
2023-07-22,Tomato,22.75
2023-07-22,Potato,10.45
2023-07-22,Onion,34.32
2023-07-22,Carrot,23.76
2023-07-22,Cabbage,20.23
2023-07-22,Spinach,10.27
2023-07-22,Cauliflower,22.69
2023-07-22,Broccoli,32.1
2023-07-22,Eggplant,29.83
2023-07-22,Capsicum,42.18
2023-07-23,Tomato,15.76
2023-07-23,Potato,19.05
2023-07-23,Onion,33.17
2023-07-23,Carrot,24.97
2023-07-23,Cabbage,14.37
2023-07-23,Spinach,8.8
2023-07-23,Cauliflower,22.09
2023-07-23,Broccoli,39.09
2023-07-23,Eggplant,30.61
2023-07-23,Capsicum,44.3
2023-07-24,Tomato,16.04
2023-07-24,Potato,13.01
2023-07-24,Onion,25.46
2023-07-24,Carrot,23.74
2023-07-24,Cabbage,22.98
2023-07-24,Spinach,9.3
2023-07-24,Cauliflower,18.03
2023-07-24,Broccoli,39.16
2023-07-24,Eggplant,27.61
2023-07-24,Capsicum,44.88
2023-07-25,Tomato,20.6
2023-07-25,Potato,14.12
2023-07-25,Onion,33.75
2023-07-25,Carrot,28.8
2023-07-25,Cabbage,17.63
2023-07-25,Spinach,10.31
2023-07-25,Cauliflower,20.24
2023-07-25,Broccoli,32.53
2023-07-25,Eggplant,31.15
2023-07-25,Capsicum,39.32
2023-07-26,Tomato,20.21
2023-07-26,Potato,17.33
2023-07-26,Onion,25.72
2023-07-26,Carrot,27.54
2023-07-26,Cabbage,22.51
2023-07-26,Spinach,5.74
2023-07-26,Cauliflower,21.91
2023-07-26,Broccoli,39.41
2023-07-26,Eggplant,24.86
2023-07-26,Capsicum,44.88
2023-07-27,Tomato,18.85
2023-07-27,Potato,17.75
2023-07-27,Onion,27.4
2023-07-27,Carrot,23.97
2023-07-27,Cabbage,19.86
2023-07-27,Spinach,10.89
2023-07-27,Cauliflower,24.68
2023-07-27,Broccoli,34.0
2023-07-27,Eggplant,25.2
2023-07-27,Capsicum,36.05
2023-07-28,Tomato,17.37
2023-07-28,Potato,18.25
2023-07-28,Onion,34.43
2023-07-28,Carrot,29.56
2023-07-28,Cabbage,18.91
2023-07-28,Spinach,5.83
2023-07-28,Cauliflower,17.86
2023-07-28,Broccoli,34.28
2023-07-28,Eggplant,25.46
2023-07-28,Capsicum,40.2
2023-07-29,Tomato,16.67
2023-07-29,Potato,19.58
2023-07-29,Onion,31.6
2023-07-29,Carrot,20.39
2023-07-29,Cabbage,19.9
2023-07-29,Spinach,5.02
2023-07-29,Cauliflower,24.65
2023-07-29,Broccoli,31.31
2023-07-29,Eggplant,24.24
2023-07-29,Capsicum,36.1
2023-07-30,Tomato,22.42
2023-07-30,Potato,14.23
2023-07-30,Onion,25.34
2023-07-30,Carrot,24.85
2023-07-30,Cabbage,22.84
2023-07-30,Spinach,8.68
2023-07-30,Cauliflower,20.9
2023-07-30,Broccoli,33.28
2023-07-30,Eggplant,31.73
2023-07-30,Capsicum,36.1
2023-07-31,Tomato,16.87
2023-07-31,Potato,17.75
2023-07-31,Onion,31.29
2023-07-31,Carrot,24.88
2023-07-31,Cabbage,21.07
2023-07-31,Spinach,5.32
2023-07-31,Cauliflower,18.15
2023-07-31,Broccoli,34.71
2023-07-31,Eggplant,23.8
2023-07-31,Capsicum,39.0
2023-08-01,Tomato,21.08
2023-08-01,Potato,15.12
2023-08-01,Onion,31.58
2023-08-01,Carrot,20.66
2023-08-01,Cabbage,18.74
2023-08-01,Spinach,11.92
2023-08-01,Cauliflower,21.45
2023-08-01,Broccoli,38.68
2023-08-01,Eggplant,25.3
2023-08-01,Capsicum,44.55
2023-08-02,Tomato,22.22
2023-08-02,Potato,14.83
2023-08-02,Onion,28.25
2023-08-02,Carrot,20.2
2023-08-02,Cabbage,21.87
2023-08-02,Spinach,6.04
2023-08-02,Cauliflower,23.6
2023-08-02,Broccoli,31.37
2023-08-02,Eggplant,27.36
2023-08-02,Capsicum,36.37
2023-08-03,Tomato,18.33
2023-08-03,Potato,10.6
2023-08-03,Onion,29.79
2023-08-03,Carrot,23.17
2023-08-03,Cabbage,16.35
2023-08-03,Spinach,8.07
2023-08-03,Cauliflower,24.94
2023-08-03,Broccoli,37.56
2023-08-03,Eggplant,30.26
2023-08-03,Capsicum,44.5
2023-08-04,Tomato,18.68
2023-08-04,Potato,17.67
2023-08-04,Onion,28.17
2023-08-04,Carrot,26.55
2023-08-04,Cabbage,18.34
2023-08-04,Spinach,12.62
2023-08-04,Cauliflower,17.23
2023-08-04,Broccoli,38.01
2023-08-04,Eggplant,28.09
2023-08-04,Capsicum,39.72
2023-08-05,Tomato,24.1
2023-08-05,Potato,18.98
2023-08-05,Onion,31.68
2023-08-05,Carrot,29.83
2023-08-05,Cabbage,17.97
2023-08-05,Spinach,5.63
2023-08-05,Cauliflower,24.72
2023-08-05,Broccoli,34.93
2023-08-05,Eggplant,23.14
2023-08-05,Capsicum,38.42
2023-08-06,Tomato,21.49
2023-08-06,Potato,11.77
2023-08-06,Onion,31.84
2023-08-06,Carrot,25.11
2023-08-06,Cabbage,16.27
2023-08-06,Spinach,9.06
2023-08-06,Cauliflower,25.8
2023-08-06,Broccoli,36.49
2023-08-06,Eggplant,23.39
2023-08-06,Capsicum,40.41
2023-08-07,Tomato,16.7
2023-08-07,Potato,11.55
2023-08-07,Onion,31.93
2023-08-07,Carrot,23.08
2023-08-07,Cabbage,18.05
2023-08-07,Spinach,5.29
2023-08-07,Cauliflower,22.91
2023-08-07,Broccoli,34.17
2023-08-07,Eggplant,31.13
2023-08-07,Capsicum,40.37
2023-08-08,Tomato,23.62
2023-08-08,Potato,15.88
2023-08-08,Onion,27.66
2023-08-08,Carrot,20.96
2023-08-08,Cabbage,21.6
2023-08-08,Spinach,12.97
2023-08-08,Cauliflower,26.03
2023-08-08,Broccoli,31.58
2023-08-08,Eggplant,26.35
2023-08-08,Capsicum,39.78
2023-08-09,Tomato,21.74
2023-08-09,Potato,15.35
2023-08-09,Onion,33.06
2023-08-09,Carrot,21.75
2023-08-09,Cabbage,19.48
2023-08-09,Spinach,12.51
2023-08-09,Cauliflower,23.21
2023-08-09,Broccoli,33.72
2023-08-09,Eggplant,24.33
2023-08-09,Capsicum,39.7
2023-08-10,Tomato,17.75
2023-08-10,Potato,18.45
2023-08-10,Onion,30.27
2023-08-10,Carrot,20.91
2023-08-10,Cabbage,19.78
2023-08-10,Spinach,9.96
2023-08-10,Cauliflower,18.0
2023-08-10,Broccoli,36.92
2023-08-10,Eggplant,23.84
2023-08-10,Capsicum,41.19
2023-08-11,Tomato,23.47
2023-08-11,Potato,12.35
2023-08-11,Onion,27.87
2023-08-11,Carrot,29.31
2023-08-11,Cabbage,20.29
2023-08-11,Spinach,10.28
2023-08-11,Cauliflower,23.51
2023-08-11,Broccoli,35.22
2023-08-11,Eggplant,25.91
2023-08-11,Capsicum,38.76
2023-08-12,Tomato,21.93
2023-08-12,Potato,18.46
2023-08-12,Onion,27.58
2023-08-12,Carrot,22.04
2023-08-12,Cabbage,23.0
2023-08-12,Spinach,14.96
2023-08-12,Cauliflower,18.47
2023-08-12,Broccoli,38.67
2023-08-12,Eggplant,30.64
2023-08-12,Capsicum,41.54
2023-08-13,Tomato,15.83
2023-08-13,Potato,17.81
2023-08-13,Onion,34.85
2023-08-13,Carrot,22.29
2023-08-13,Cabbage,16.17
2023-08-13,Spinach,7.59
2023-08-13,Cauliflower,24.27
2023-08-13,Broccoli,38.02
2023-08-13,Eggplant,27.7
2023-08-13,Capsicum,40.0
2023-08-14,Tomato,16.06
2023-08-14,Potato,13.9
2023-08-14,Onion,33.12
2023-08-14,Carrot,27.7
2023-08-14,Cabbage,15.51
2023-08-14,Spinach,9.34
2023-08-14,Cauliflower,23.56
2023-08-14,Broccoli,34.64
2023-08-14,Eggplant,29.52
2023-08-14,Capsicum,35.52
2023-08-15,Tomato,15.02
2023-08-15,Potato,15.64
2023-08-15,Onion,31.01
2023-08-15,Carrot,26.48
2023-08-15,Cabbage,17.23
2023-08-15,Spinach,9.89
2023-08-15,Cauliflower,22.49
2023-08-15,Broccoli,33.39
2023-08-15,Eggplant,23.49
2023-08-15,Capsicum,42.75
2023-08-16,Tomato,18.11
2023-08-16,Potato,10.64
2023-08-16,Onion,33.1
2023-08-16,Carrot,24.09
2023-08-16,Cabbage,14.51
2023-08-16,Spinach,13.13
2023-08-16,Cauliflower,20.65
2023-08-16,Broccoli,32.55
2023-08-16,Eggplant,24.27
2023-08-16,Capsicum,38.37
2023-08-17,Tomato,19.31
2023-08-17,Potato,16.22
2023-08-17,Onion,32.76
2023-08-17,Carrot,23.2
2023-08-17,Cabbage,21.24
2023-08-17,Spinach,9.98
2023-08-17,Cauliflower,19.01
2023-08-17,Broccoli,34.22
2023-08-17,Eggplant,26.32
2023-08-17,Capsicum,44.49
2023-08-18,Tomato,22.18
2023-08-18,Potato,15.79
2023-08-18,Onion,30.67
2023-08-18,Carrot,23.01
2023-08-18,Cabbage,16.91
2023-08-18,Spinach,11.93
2023-08-18,Cauliflower,22.26
2023-08-18,Broccoli,37.78
2023-08-18,Eggplant,24.56
2023-08-18,Capsicum,41.31
2023-08-19,Tomato,24.67
2023-08-19,Potato,14.46
2023-08-19,Onion,27.41
2023-08-19,Carrot,23.8
2023-08-19,Cabbage,17.31
2023-08-19,Spinach,5.23
2023-08-19,Cauliflower,19.74
2023-08-19,Broccoli,35.38
2023-08-19,Eggplant,23.06
2023-08-19,Capsicum,42.2
2023-08-20,Tomato,20.18
2023-08-20,Potato,19.47
2023-08-20,Onion,32.38
2023-08-20,Carrot,20.81
2023-08-20,Cabbage,20.79
2023-08-20,Spinach,14.24
2023-08-20,Cauliflower,17.35
2023-08-20,Broccoli,32.07
2023-08-20,Eggplant,25.41
2023-08-20,Capsicum,40.72
2023-08-21,Tomato,15.99
2023-08-21,Potato,11.0
2023-08-21,Onion,30.05
2023-08-21,Carrot,24.64
2023-08-21,Cabbage,15.11
2023-08-21,Spinach,8.86
2023-08-21,Cauliflower,22.71
2023-08-21,Broccoli,39.0
2023-08-21,Eggplant,29.98
2023-08-21,Capsicum,36.78
2023-08-22,Tomato,22.46
2023-08-22,Potato,19.65
2023-08-22,Onion,32.15
2023-08-22,Carrot,25.33
2023-08-22,Cabbage,14.33
2023-08-22,Spinach,9.15
2023-08-22,Cauliflower,20.24
2023-08-22,Broccoli,38.94
2023-08-22,Eggplant,31.33
2023-08-22,Capsicum,37.35
2023-08-23,Tomato,19.03
2023-08-23,Potato,16.64
2023-08-23,Onion,28.17
2023-08-23,Carrot,28.57
2023-08-23,Cabbage,13.59
2023-08-23,Spinach,6.15
2023-08-23,Cauliflower,21.85
2023-08-23,Broccoli,36.23
2023-08-23,Eggplant,30.31
2023-08-23,Capsicum,44.57
2023-08-24,Tomato,22.34
2023-08-24,Potato,14.72
2023-08-24,Onion,33.76
2023-08-24,Carrot,25.72
2023-08-24,Cabbage,22.45
2023-08-24,Spinach,11.77
2023-08-24,Cauliflower,17.54
2023-08-24,Broccoli,34.74
2023-08-24,Eggplant,24.59
2023-08-24,Capsicum,43.21
2023-08-25,Tomato,20.23
2023-08-25,Potato,16.29
2023-08-25,Onion,26.97
2023-08-25,Carrot,21.81
2023-08-25,Cabbage,22.68
2023-08-25,Spinach,7.8
2023-08-25,Cauliflower,24.1
2023-08-25,Broccoli,36.48
2023-08-25,Eggplant,32.85
2023-08-25,Capsicum,37.71
2023-08-26,Tomato,17.02
2023-08-26,Potato,19.54
2023-08-26,Onion,29.99
2023-08-26,Carrot,24.02
2023-08-26,Cabbage,15.38
2023-08-26,Spinach,10.24
2023-08-26,Cauliflower,19.08
2023-08-26,Broccoli,38.45
2023-08-26,Eggplant,26.5
2023-08-26,Capsicum,40.52
2023-08-27,Tomato,21.89
2023-08-27,Potato,10.25
2023-08-27,Onion,32.65
2023-08-27,Carrot,27.79
2023-08-27,Cabbage,18.32
2023-08-27,Spinach,9.99
2023-08-27,Cauliflower,21.1
2023-08-27,Broccoli,36.27
2023-08-27,Eggplant,32.21
2023-08-27,Capsicum,38.28
2023-08-28,Tomato,20.61
2023-08-28,Potato,11.58
2023-08-28,Onion,31.65
2023-08-28,Carrot,27.47
2023-08-28,Cabbage,22.09
2023-08-28,Spinach,9.92
2023-08-28,Cauliflower,26.01
2023-08-28,Broccoli,32.14
2023-08-28,Eggplant,24.35
2023-08-28,Capsicum,41.75
2023-08-29,Tomato,18.28
2023-08-29,Potato,19.02
2023-08-29,Onion,30.4
2023-08-29,Carrot,28.76
2023-08-29,Cabbage,22.99
2023-08-29,Spinach,10.52
2023-08-29,Cauliflower,18.09
2023-08-29,Broccoli,35.0
2023-08-29,Eggplant,26.08
2023-08-29,Capsicum,43.61
2023-08-30,Tomato,20.82
2023-08-30,Potato,14.28
2023-08-30,Onion,25.93
2023-08-30,Carrot,21.7
2023-08-30,Cabbage,14.87
2023-08-30,Spinach,9.78
2023-08-30,Cauliflower,20.89
2023-08-30,Broccoli,34.35
2023-08-30,Eggplant,23.0
2023-08-30,Capsicum,42.4
2023-08-31,Tomato,23.59
2023-08-31,Potato,16.84
2023-08-31,Onion,33.74
2023-08-31,Carrot,24.03
2023-08-31,Cabbage,20.77
2023-08-31,Spinach,6.16
2023-08-31,Cauliflower,18.53
2023-08-31,Broccoli,34.15
2023-08-31,Eggplant,32.24
2023-08-31,Capsicum,42.8
2023-09-01,Tomato,16.26
2023-09-01,Potato,19.45
2023-09-01,Onion,34.24
2023-09-01,Carrot,22.79
2023-09-01,Cabbage,15.39
2023-09-01,Spinach,14.53
2023-09-01,Cauliflower,25.43
2023-09-01,Broccoli,32.47
2023-09-01,Eggplant,24.11
2023-09-01,Capsicum,38.45
2023-09-02,Tomato,19.53
2023-09-02,Potato,19.22
2023-09-02,Onion,27.15
2023-09-02,Carrot,29.05
2023-09-02,Cabbage,22.35
2023-09-02,Spinach,10.58
2023-09-02,Cauliflower,25.39
2023-09-02,Broccoli,34.24
2023-09-02,Eggplant,24.18
2023-09-02,Capsicum,36.27
2023-09-03,Tomato,17.87
2023-09-03,Potato,11.4
2023-09-03,Onion,29.27
2023-09-03,Carrot,26.05
2023-09-03,Cabbage,22.56
2023-09-03,Spinach,5.31
2023-09-03,Cauliflower,26.57
2023-09-03,Broccoli,35.6
2023-09-03,Eggplant,30.2
2023-09-03,Capsicum,35.02
2023-09-04,Tomato,19.37
2023-09-04,Potato,15.37
2023-09-04,Onion,27.55
2023-09-04,Carrot,24.76
2023-09-04,Cabbage,21.41
2023-09-04,Spinach,12.61
2023-09-04,Cauliflower,20.35
2023-09-04,Broccoli,36.13
2023-09-04,Eggplant,25.25
2023-09-04,Capsicum,42.52
2023-09-05,Tomato,22.02
2023-09-05,Potato,11.75
2023-09-05,Onion,33.21
2023-09-05,Carrot,25.46
2023-09-05,Cabbage,15.92
2023-09-05,Spinach,12.21
2023-09-05,Cauliflower,18.95
2023-09-05,Broccoli,33.58
2023-09-05,Eggplant,31.04
2023-09-05,Capsicum,37.09
2023-09-06,Tomato,17.89
2023-09-06,Potato,11.06
2023-09-06,Onion,33.44
2023-09-06,Carrot,23.8
2023-09-06,Cabbage,16.92
2023-09-06,Spinach,7.24
2023-09-06,Cauliflower,25.79
2023-09-06,Broccoli,31.21
2023-09-06,Eggplant,28.01
2023-09-06,Capsicum,42.45
2023-09-07,Tomato,17.16
2023-09-07,Potato,16.63
2023-09-07,Onion,27.94
2023-09-07,Carrot,24.63
2023-09-07,Cabbage,21.92
2023-09-07,Spinach,13.67
2023-09-07,Cauliflower,17.73
2023-09-07,Broccoli,35.55
2023-09-07,Eggplant,29.82
2023-09-07,Capsicum,38.67
2023-09-08,Tomato,23.23
2023-09-08,Potato,16.25
2023-09-08,Onion,32.98
2023-09-08,Carrot,22.92
2023-09-08,Cabbage,16.84
2023-09-08,Spinach,12.73
2023-09-08,Cauliflower,20.79
2023-09-08,Broccoli,35.49
2023-09-08,Eggplant,25.62
2023-09-08,Capsicum,38.88
2023-09-09,Tomato,15.74
2023-09-09,Potato,16.99
2023-09-09,Onion,27.42
2023-09-09,Carrot,21.19
2023-09-09,Cabbage,21.0
2023-09-09,Spinach,14.38
2023-09-09,Cauliflower,22.97
2023-09-09,Broccoli,33.51
2023-09-09,Eggplant,25.38
2023-09-09,Capsicum,35.83
2023-09-10,Tomato,16.23
2023-09-10,Potato,14.88
2023-09-10,Onion,28.68
2023-09-10,Carrot,25.49
2023-09-10,Cabbage,15.04
2023-09-10,Spinach,10.73
2023-09-10,Cauliflower,21.56
2023-09-10,Broccoli,30.04
2023-09-10,Eggplant,28.54
2023-09-10,Capsicum,43.31
2023-09-11,Tomato,22.39
2023-09-11,Potato,18.96
2023-09-11,Onion,25.64
2023-09-11,Carrot,25.02
2023-09-11,Cabbage,20.36
2023-09-11,Spinach,9.22
2023-09-11,Cauliflower,21.33
2023-09-11,Broccoli,35.47
2023-09-11,Eggplant,25.17
2023-09-11,Capsicum,39.1
2023-09-12,Tomato,15.21
2023-09-12,Potato,13.32
2023-09-12,Onion,31.43
2023-09-12,Carrot,28.89
2023-09-12,Cabbage,13.53
2023-09-12,Spinach,12.02
2023-09-12,Cauliflower,17.77
2023-09-12,Broccoli,36.69
2023-09-12,Eggplant,30.16
2023-09-12,Capsicum,37.11
2023-09-13,Tomato,24.78
2023-09-13,Potato,10.09
2023-09-13,Onion,25.68
2023-09-13,Carrot,24.71
2023-09-13,Cabbage,13.87
2023-09-13,Spinach,12.11
2023-09-13,Cauliflower,17.2
2023-09-13,Broccoli,39.94
2023-09-13,Eggplant,25.01
2023-09-13,Capsicum,42.17
2023-09-14,Tomato,19.49
2023-09-14,Potato,19.82
2023-09-14,Onion,27.01
2023-09-14,Carrot,22.54
2023-09-14,Cabbage,19.8
2023-09-14,Spinach,5.36
2023-09-14,Cauliflower,18.97
2023-09-14,Broccoli,38.13
2023-09-14,Eggplant,23.6
2023-09-14,Capsicum,44.54
2023-09-15,Tomato,17.56
2023-09-15,Potato,19.07
2023-09-15,Onion,31.5
2023-09-15,Carrot,29.71
2023-09-15,Cabbage,20.31
2023-09-15,Spinach,7.77
2023-09-15,Cauliflower,22.08
2023-09-15,Broccoli,31.89
2023-09-15,Eggplant,29.02
2023-09-15,Capsicum,37.33
2023-09-16,Tomato,15.21
2023-09-16,Potato,14.36
2023-09-16,Onion,34.43
2023-09-16,Carrot,25.72
2023-09-16,Cabbage,19.83
2023-09-16,Spinach,10.73
2023-09-16,Cauliflower,19.79
2023-09-16,Broccoli,30.59
2023-09-16,Eggplant,24.11
2023-09-16,Capsicum,39.41
2023-09-17,Tomato,16.99
2023-09-17,Potato,15.3
2023-09-17,Onion,30.41
2023-09-17,Carrot,22.36
2023-09-17,Cabbage,22.22
2023-09-17,Spinach,11.05
2023-09-17,Cauliflower,22.44
2023-09-17,Broccoli,36.61
2023-09-17,Eggplant,32.4
2023-09-17,Capsicum,36.24
2023-09-18,Tomato,24.33
2023-09-18,Potato,15.43
2023-09-18,Onion,33.68
2023-09-18,Carrot,28.6
2023-09-18,Cabbage,21.56
2023-09-18,Spinach,9.88
2023-09-18,Cauliflower,17.9
2023-09-18,Broccoli,31.43
2023-09-18,Eggplant,24.46
2023-09-18,Capsicum,38.69
2023-09-19,Tomato,23.88
2023-09-19,Potato,13.61
2023-09-19,Onion,30.08
2023-09-19,Carrot,20.03
2023-09-19,Cabbage,13.78
2023-09-19,Spinach,8.13
2023-09-19,Cauliflower,25.57
2023-09-19,Broccoli,38.49
2023-09-19,Eggplant,24.27
2023-09-19,Capsicum,42.1
2023-09-20,Tomato,18.39
2023-09-20,Potato,16.25
2023-09-20,Onion,30.33
2023-09-20,Carrot,29.13
2023-09-20,Cabbage,20.49
2023-09-20,Spinach,12.99
2023-09-20,Cauliflower,25.92
2023-09-20,Broccoli,39.07
2023-09-20,Eggplant,30.87
2023-09-20,Capsicum,41.3
2023-09-21,Tomato,21.19
2023-09-21,Potato,18.47
2023-09-21,Onion,30.17
2023-09-21,Carrot,25.75
2023-09-21,Cabbage,15.39
2023-09-21,Spinach,10.47
2023-09-21,Cauliflower,21.17
2023-09-21,Broccoli,32.78
2023-09-21,Eggplant,23.66
2023-09-21,Capsicum,43.77
2023-09-22,Tomato,21.65
2023-09-22,Potato,13.54
2023-09-22,Onion,27.2
2023-09-22,Carrot,21.77
2023-09-22,Cabbage,21.5
2023-09-22,Spinach,6.19
2023-09-22,Cauliflower,19.79
2023-09-22,Broccoli,35.88
2023-09-22,Eggplant,30.18
2023-09-22,Capsicum,43.21
2023-09-23,Tomato,19.72
2023-09-23,Potato,19.7
2023-09-23,Onion,33.49
2023-09-23,Carrot,23.92
2023-09-23,Cabbage,22.71
2023-09-23,Spinach,11.15
2023-09-23,Cauliflower,25.68
2023-09-23,Broccoli,36.43
2023-09-23,Eggplant,25.38
2023-09-23,Capsicum,43.26
2023-09-24,Tomato,21.02
2023-09-24,Potato,11.66
2023-09-24,Onion,30.43
2023-09-24,Carrot,26.56
2023-09-24,Cabbage,16.76
2023-09-24,Spinach,14.86
2023-09-24,Cauliflower,17.36
2023-09-24,Broccoli,33.07
2023-09-24,Eggplant,23.26
2023-09-24,Capsicum,39.05
2023-09-25,Tomato,15.74
2023-09-25,Potato,10.25
2023-09-25,Onion,28.28
2023-09-25,Carrot,22.15
2023-09-25,Cabbage,13.52
2023-09-25,Spinach,7.14
2023-09-25,Cauliflower,24.0
2023-09-25,Broccoli,30.66
2023-09-25,Eggplant,30.98
2023-09-25,Capsicum,40.87
2023-09-26,Tomato,18.67
2023-09-26,Potato,17.57
2023-09-26,Onion,31.06
2023-09-26,Carrot,25.07
2023-09-26,Cabbage,13.82
2023-09-26,Spinach,8.4
2023-09-26,Cauliflower,22.98
2023-09-26,Broccoli,33.31
2023-09-26,Eggplant,32.67
2023-09-26,Capsicum,42.76
2023-09-27,Tomato,20.7
2023-09-27,Potato,17.61
2023-09-27,Onion,29.7
2023-09-27,Carrot,22.76
2023-09-27,Cabbage,18.34
2023-09-27,Spinach,12.01
2023-09-27,Cauliflower,17.82
2023-09-27,Broccoli,30.67
2023-09-27,Eggplant,24.12
2023-09-27,Capsicum,44.4
2023-09-28,Tomato,21.18
2023-09-28,Potato,12.63
2023-09-28,Onion,31.7
2023-09-28,Carrot,28.62
2023-09-28,Cabbage,21.87
2023-09-28,Spinach,11.11
2023-09-28,Cauliflower,24.46
2023-09-28,Broccoli,30.81
2023-09-28,Eggplant,28.89
2023-09-28,Capsicum,42.32
2023-09-29,Tomato,16.44
2023-09-29,Potato,14.5
2023-09-29,Onion,33.31
2023-09-29,Carrot,20.77
2023-09-29,Cabbage,19.06
2023-09-29,Spinach,6.04
2023-09-29,Cauliflower,17.77
2023-09-29,Broccoli,34.07
2023-09-29,Eggplant,27.88
2023-09-29,Capsicum,40.12
2023-09-30,Tomato,20.37
2023-09-30,Potato,11.94
2023-09-30,Onion,30.87
2023-09-30,Carrot,28.61
2023-09-30,Cabbage,16.35
2023-09-30,Spinach,5.81
2023-09-30,Cauliflower,21.79
2023-09-30,Broccoli,38.51
2023-09-30,Eggplant,23.91
2023-09-30,Capsicum,36.21
2023-10-01,Tomato,19.03
2023-10-01,Potato,11.32
2023-10-01,Onion,28.39
2023-10-01,Carrot,29.89
2023-10-01,Cabbage,16.33
2023-10-01,Spinach,6.09
2023-10-01,Cauliflower,17.52
2023-10-01,Broccoli,31.94
2023-10-01,Eggplant,24.81
2023-10-01,Capsicum,44.73
2023-10-02,Tomato,19.36
2023-10-02,Potato,15.21
2023-10-02,Onion,28.93
2023-10-02,Carrot,23.81
2023-10-02,Cabbage,16.5
2023-10-02,Spinach,14.43
2023-10-02,Cauliflower,25.6
2023-10-02,Broccoli,30.78
2023-10-02,Eggplant,26.84
2023-10-02,Capsicum,38.06
2023-10-03,Tomato,22.01
2023-10-03,Potato,17.78
2023-10-03,Onion,28.29
2023-10-03,Carrot,28.26
2023-10-03,Cabbage,16.89
2023-10-03,Spinach,8.91
2023-10-03,Cauliflower,20.23
2023-10-03,Broccoli,37.91
2023-10-03,Eggplant,31.76
2023-10-03,Capsicum,37.1
2023-10-04,Tomato,23.86
2023-10-04,Potato,16.52
2023-10-04,Onion,31.11
2023-10-04,Carrot,25.99
2023-10-04,Cabbage,16.83
2023-10-04,Spinach,14.87
2023-10-04,Cauliflower,17.94
2023-10-04,Broccoli,35.63
2023-10-04,Eggplant,23.68
2023-10-04,Capsicum,37.79
2023-10-05,Tomato,17.26
2023-10-05,Potato,12.64
2023-10-05,Onion,34.02
2023-10-05,Carrot,21.46
2023-10-05,Cabbage,15.59
2023-10-05,Spinach,7.93
2023-10-05,Cauliflower,22.85
2023-10-05,Broccoli,30.32
2023-10-05,Eggplant,30.39
2023-10-05,Capsicum,43.78
2023-10-06,Tomato,16.18
2023-10-06,Potato,18.2
2023-10-06,Onion,26.44
2023-10-06,Carrot,27.1
2023-10-06,Cabbage,19.29
2023-10-06,Spinach,8.78
2023-10-06,Cauliflower,25.75
2023-10-06,Broccoli,39.09
2023-10-06,Eggplant,31.18
2023-10-06,Capsicum,39.97
2023-10-07,Tomato,16.35
2023-10-07,Potato,19.5
2023-10-07,Onion,30.05
2023-10-07,Carrot,20.65
2023-10-07,Cabbage,20.49
2023-10-07,Spinach,7.45
2023-10-07,Cauliflower,21.81
2023-10-07,Broccoli,39.44
2023-10-07,Eggplant,31.01
2023-10-07,Capsicum,43.82
2023-10-08,Tomato,16.64
2023-10-08,Potato,15.49
2023-10-08,Onion,32.58
2023-10-08,Carrot,28.45
2023-10-08,Cabbage,13.85
2023-10-08,Spinach,11.16
2023-10-08,Cauliflower,21.64
2023-10-08,Broccoli,38.05
2023-10-08,Eggplant,29.16
2023-10-08,Capsicum,44.94
2023-10-09,Tomato,19.02
2023-10-09,Potato,11.34
2023-10-09,Onion,26.53
2023-10-09,Carrot,26.38
2023-10-09,Cabbage,15.97
2023-10-09,Spinach,5.19
2023-10-09,Cauliflower,21.15
2023-10-09,Broccoli,30.57
2023-10-09,Eggplant,27.6
2023-10-09,Capsicum,42.99
2023-10-10,Tomato,21.6
2023-10-10,Potato,12.58
2023-10-10,Onion,28.76
2023-10-10,Carrot,21.28
2023-10-10,Cabbage,17.38
2023-10-10,Spinach,13.76
2023-10-10,Cauliflower,19.48
2023-10-10,Broccoli,36.4
2023-10-10,Eggplant,27.36
2023-10-10,Capsicum,41.02
2023-10-11,Tomato,21.62
2023-10-11,Potato,18.33
2023-10-11,Onion,34.77
2023-10-11,Carrot,20.48
2023-10-11,Cabbage,16.47
2023-10-11,Spinach,11.47
2023-10-11,Cauliflower,19.63
2023-10-11,Broccoli,31.22
2023-10-11,Eggplant,25.78
2023-10-11,Capsicum,35.48
2023-10-12,Tomato,23.2
2023-10-12,Potato,11.51
2023-10-12,Onion,34.17
2023-10-12,Carrot,21.01
2023-10-12,Cabbage,17.89
2023-10-12,Spinach,12.06
2023-10-12,Cauliflower,24.6
2023-10-12,Broccoli,36.26
2023-10-12,Eggplant,24.47
2023-10-12,Capsicum,40.92
2023-10-13,Tomato,15.79
2023-10-13,Potato,16.09
2023-10-13,Onion,25.01
2023-10-13,Carrot,25.66
2023-10-13,Cabbage,20.05
2023-10-13,Spinach,12.7
2023-10-13,Cauliflower,24.12
2023-10-13,Broccoli,39.42
2023-10-13,Eggplant,32.21
2023-10-13,Capsicum,38.09
2023-10-14,Tomato,18.72
2023-10-14,Potato,13.5
2023-10-14,Onion,30.9
2023-10-14,Carrot,29.96
2023-10-14,Cabbage,17.12
2023-10-14,Spinach,12.18
2023-10-14,Cauliflower,26.29
2023-10-14,Broccoli,34.22
2023-10-14,Eggplant,32.06
2023-10-14,Capsicum,39.58
2023-10-15,Tomato,24.84
2023-10-15,Potato,11.28
2023-10-15,Onion,29.52
2023-10-15,Carrot,25.09
2023-10-15,Cabbage,19.82
2023-10-15,Spinach,8.07
2023-10-15,Cauliflower,25.18
2023-10-15,Broccoli,30.3
2023-10-15,Eggplant,25.47
2023-10-15,Capsicum,44.54
2023-10-16,Tomato,15.53
2023-10-16,Potato,10.38
2023-10-16,Onion,28.35
2023-10-16,Carrot,23.71
2023-10-16,Cabbage,14.73
2023-10-16,Spinach,10.06
2023-10-16,Cauliflower,21.0
2023-10-16,Broccoli,34.95
2023-10-16,Eggplant,30.57
2023-10-16,Capsicum,42.13
2023-10-17,Tomato,16.82
2023-10-17,Potato,10.49
2023-10-17,Onion,25.39
2023-10-17,Carrot,23.48
2023-10-17,Cabbage,20.57
2023-10-17,Spinach,10.63
2023-10-17,Cauliflower,26.39
2023-10-17,Broccoli,32.58
2023-10-17,Eggplant,26.56
2023-10-17,Capsicum,37.34
2023-10-18,Tomato,17.55
2023-10-18,Potato,12.27
2023-10-18,Onion,28.12
2023-10-18,Carrot,20.51
2023-10-18,Cabbage,19.64
2023-10-18,Spinach,5.88
2023-10-18,Cauliflower,22.03
2023-10-18,Broccoli,35.12
2023-10-18,Eggplant,23.2
2023-10-18,Capsicum,39.62
2023-10-19,Tomato,20.65
2023-10-19,Potato,17.23
2023-10-19,Onion,33.69
2023-10-19,Carrot,22.27
2023-10-19,Cabbage,16.78
2023-10-19,Spinach,7.82
2023-10-19,Cauliflower,22.87
2023-10-19,Broccoli,31.65
2023-10-19,Eggplant,31.31
2023-10-19,Capsicum,38.08
2023-10-20,Tomato,18.36
2023-10-20,Potato,11.49
2023-10-20,Onion,29.15
2023-10-20,Carrot,23.73
2023-10-20,Cabbage,19.92
2023-10-20,Spinach,7.77
2023-10-20,Cauliflower,24.76
2023-10-20,Broccoli,31.26
2023-10-20,Eggplant,24.54
2023-10-20,Capsicum,43.71
2023-10-21,Tomato,24.43
2023-10-21,Potato,10.46
2023-10-21,Onion,32.34
2023-10-21,Carrot,27.64
2023-10-21,Cabbage,21.56
2023-10-21,Spinach,14.07
2023-10-21,Cauliflower,24.96
2023-10-21,Broccoli,34.47
2023-10-21,Eggplant,30.86
2023-10-21,Capsicum,43.31
2023-10-22,Tomato,17.12
2023-10-22,Potato,17.23
2023-10-22,Onion,27.21
2023-10-22,Carrot,26.36
2023-10-22,Cabbage,21.8
2023-10-22,Spinach,9.78
2023-10-22,Cauliflower,22.03
2023-10-22,Broccoli,39.59
2023-10-22,Eggplant,28.46
2023-10-22,Capsicum,40.7
2023-10-23,Tomato,22.53
2023-10-23,Potato,17.07
2023-10-23,Onion,26.56
2023-10-23,Carrot,24.1
2023-10-23,Cabbage,13.77
2023-10-23,Spinach,8.39
2023-10-23,Cauliflower,22.15
2023-10-23,Broccoli,32.39
2023-10-23,Eggplant,32.15
2023-10-23,Capsicum,36.46
2023-10-24,Tomato,15.42
2023-10-24,Potato,17.9
2023-10-24,Onion,25.39
2023-10-24,Carrot,27.65
2023-10-24,Cabbage,14.75
2023-10-24,Spinach,13.93
2023-10-24,Cauliflower,24.31
2023-10-24,Broccoli,37.57
2023-10-24,Eggplant,30.48
2023-10-24,Capsicum,41.66
2023-10-25,Tomato,15.91
2023-10-25,Potato,12.19
2023-10-25,Onion,27.17
2023-10-25,Carrot,29.41
2023-10-25,Cabbage,16.81
2023-10-25,Spinach,10.41
2023-10-25,Cauliflower,25.91
2023-10-25,Broccoli,33.12
2023-10-25,Eggplant,31.89
2023-10-25,Capsicum,44.28
2023-10-26,Tomato,22.91
2023-10-26,Potato,12.35
2023-10-26,Onion,34.68
2023-10-26,Carrot,27.29
2023-10-26,Cabbage,19.11
2023-10-26,Spinach,12.77
2023-10-26,Cauliflower,23.02
2023-10-26,Broccoli,36.22
2023-10-26,Eggplant,30.96
2023-10-26,Capsicum,41.22
2023-10-27,Tomato,22.64
2023-10-27,Potato,14.6
2023-10-27,Onion,32.58
2023-10-27,Carrot,26.93
2023-10-27,Cabbage,16.7
2023-10-27,Spinach,6.32
2023-10-27,Cauliflower,17.79
2023-10-27,Broccoli,38.24
2023-10-27,Eggplant,31.67
2023-10-27,Capsicum,41.4
2023-10-28,Tomato,21.04
2023-10-28,Potato,19.2
2023-10-28,Onion,28.84
2023-10-28,Carrot,21.0
2023-10-28,Cabbage,14.17
2023-10-28,Spinach,11.07
2023-10-28,Cauliflower,23.71
2023-10-28,Broccoli,30.89
2023-10-28,Eggplant,23.66
2023-10-28,Capsicum,40.48
2023-10-29,Tomato,19.7
2023-10-29,Potato,19.61
2023-10-29,Onion,30.03
2023-10-29,Carrot,27.87
2023-10-29,Cabbage,18.92
2023-10-29,Spinach,8.66
2023-10-29,Cauliflower,26.12
2023-10-29,Broccoli,33.56
2023-10-29,Eggplant,32.64
2023-10-29,Capsicum,43.8
2023-10-30,Tomato,23.18
2023-10-30,Potato,11.33
2023-10-30,Onion,33.89
2023-10-30,Carrot,20.43
2023-10-30,Cabbage,13.08
2023-10-30,Spinach,7.2
2023-10-30,Cauliflower,24.02
2023-10-30,Broccoli,37.99
2023-10-30,Eggplant,31.67
2023-10-30,Capsicum,35.37
2023-10-31,Tomato,17.49
2023-10-31,Potato,15.58
2023-10-31,Onion,32.23
2023-10-31,Carrot,22.28
2023-10-31,Cabbage,17.64
2023-10-31,Spinach,11.6
2023-10-31,Cauliflower,23.98
2023-10-31,Broccoli,34.26
2023-10-31,Eggplant,29.26
2023-10-31,Capsicum,44.04
2023-11-01,Tomato,22.66
2023-11-01,Potato,12.77
2023-11-01,Onion,31.39
2023-11-01,Carrot,20.73
2023-11-01,Cabbage,22.45
2023-11-01,Spinach,7.82
2023-11-01,Cauliflower,18.47
2023-11-01,Broccoli,36.65
2023-11-01,Eggplant,25.31
2023-11-01,Capsicum,41.77
2023-11-02,Tomato,22.58
2023-11-02,Potato,13.82
2023-11-02,Onion,28.51
2023-11-02,Carrot,27.87
2023-11-02,Cabbage,22.35
2023-11-02,Spinach,14.02
2023-11-02,Cauliflower,20.54
2023-11-02,Broccoli,33.89
2023-11-02,Eggplant,31.12
2023-11-02,Capsicum,44.89
2023-11-03,Tomato,17.53
2023-11-03,Potato,19.95
2023-11-03,Onion,31.25
2023-11-03,Carrot,23.93
2023-11-03,Cabbage,20.19
2023-11-03,Spinach,12.99
2023-11-03,Cauliflower,19.7
2023-11-03,Broccoli,34.92
2023-11-03,Eggplant,30.31
2023-11-03,Capsicum,43.06
2023-11-04,Tomato,22.13
2023-11-04,Potato,15.05
2023-11-04,Onion,32.71
2023-11-04,Carrot,21.64
2023-11-04,Cabbage,13.8
2023-11-04,Spinach,7.86
2023-11-04,Cauliflower,26.67
2023-11-04,Broccoli,30.31
2023-11-04,Eggplant,23.62
2023-11-04,Capsicum,35.91
2023-11-05,Tomato,19.35
2023-11-05,Potato,10.72
2023-11-05,Onion,32.69
2023-11-05,Carrot,28.64
2023-11-05,Cabbage,16.65
2023-11-05,Spinach,5.46
2023-11-05,Cauliflower,26.05
2023-11-05,Broccoli,32.56
2023-11-05,Eggplant,23.36
2023-11-05,Capsicum,39.82
2023-11-06,Tomato,23.92
2023-11-06,Potato,12.38
2023-11-06,Onion,30.03
2023-11-06,Carrot,26.68
2023-11-06,Cabbage,16.9
2023-11-06,Spinach,10.62
2023-11-06,Cauliflower,24.21
2023-11-06,Broccoli,31.86
2023-11-06,Eggplant,30.1
2023-11-06,Capsicum,42.38
2023-11-07,Tomato,20.88
2023-11-07,Potato,15.23
2023-11-07,Onion,26.14
2023-11-07,Carrot,28.58
2023-11-07,Cabbage,16.76
2023-11-07,Spinach,8.03
2023-11-07,Cauliflower,17.95
2023-11-07,Broccoli,32.19
2023-11-07,Eggplant,27.24
2023-11-07,Capsicum,35.23
2023-11-08,Tomato,15.55
2023-11-08,Potato,15.89
2023-11-08,Onion,34.66
2023-11-08,Carrot,23.92
2023-11-08,Cabbage,20.52
2023-11-08,Spinach,7.07
2023-11-08,Cauliflower,21.8
2023-11-08,Broccoli,36.7
2023-11-08,Eggplant,32.5
2023-11-08,Capsicum,38.67
2023-11-09,Tomato,19.05
2023-11-09,Potato,14.64
2023-11-09,Onion,27.11
2023-11-09,Carrot,26.09
2023-11-09,Cabbage,21.23
2023-11-09,Spinach,9.63
2023-11-09,Cauliflower,22.4
2023-11-09,Broccoli,36.41
2023-11-09,Eggplant,26.99
2023-11-09,Capsicum,41.04
2023-11-10,Tomato,24.84
2023-11-10,Potato,19.24
2023-11-10,Onion,31.52
2023-11-10,Carrot,24.19
2023-11-10,Cabbage,21.35
2023-11-10,Spinach,7.33
2023-11-10,Cauliflower,26.46
2023-11-10,Broccoli,31.97
2023-11-10,Eggplant,26.26
2023-11-10,Capsicum,44.06
2023-11-11,Tomato,18.5
2023-11-11,Potato,10.53
2023-11-11,Onion,30.09
2023-11-11,Carrot,20.01
2023-11-11,Cabbage,22.46
2023-11-11,Spinach,8.24
2023-11-11,Cauliflower,26.26
2023-11-11,Broccoli,34.31
2023-11-11,Eggplant,30.22
2023-11-11,Capsicum,44.51
2023-11-12,Tomato,19.17
2023-11-12,Potato,18.82
2023-11-12,Onion,26.04
2023-11-12,Carrot,28.34
2023-11-12,Cabbage,14.69
2023-11-12,Spinach,10.79
2023-11-12,Cauliflower,17.44
2023-11-12,Broccoli,37.24
2023-11-12,Eggplant,25.75
2023-11-12,Capsicum,38.13
2023-11-13,Tomato,20.51
2023-11-13,Potato,18.48
2023-11-13,Onion,25.85
2023-11-13,Carrot,21.07
2023-11-13,Cabbage,22.53
2023-11-13,Spinach,5.01
2023-11-13,Cauliflower,20.4
2023-11-13,Broccoli,37.8
2023-11-13,Eggplant,27.68
2023-11-13,Capsicum,42.43
2023-11-14,Tomato,18.95
2023-11-14,Potato,11.07
2023-11-14,Onion,28.56
2023-11-14,Carrot,27.41
2023-11-14,Cabbage,22.12
2023-11-14,Spinach,9.83
2023-11-14,Cauliflower,19.89
2023-11-14,Broccoli,36.27
2023-11-14,Eggplant,28.63
2023-11-14,Capsicum,38.39
2023-11-15,Tomato,18.59
2023-11-15,Potato,14.83
2023-11-15,Onion,29.44
2023-11-15,Carrot,24.34
2023-11-15,Cabbage,22.81
2023-11-15,Spinach,6.96
2023-11-15,Cauliflower,25.09
2023-11-15,Broccoli,30.22
2023-11-15,Eggplant,31.38
2023-11-15,Capsicum,44.9
2023-11-16,Tomato,23.41
2023-11-16,Potato,13.21
2023-11-16,Onion,29.05
2023-11-16,Carrot,26.09
2023-11-16,Cabbage,18.34
2023-11-16,Spinach,13.59
2023-11-16,Cauliflower,25.65
2023-11-16,Broccoli,39.83
2023-11-16,Eggplant,30.11
2023-11-16,Capsicum,40.16
2023-11-17,Tomato,19.09
2023-11-17,Potato,12.13
2023-11-17,Onion,31.21
2023-11-17,Carrot,25.19
2023-11-17,Cabbage,20.71
2023-11-17,Spinach,13.98
2023-11-17,Cauliflower,21.64
2023-11-17,Broccoli,31.03
2023-11-17,Eggplant,25.88
2023-11-17,Capsicum,35.34
2023-11-18,Tomato,20.98
2023-11-18,Potato,16.78
2023-11-18,Onion,26.34
2023-11-18,Carrot,25.07
2023-11-18,Cabbage,14.07
2023-11-18,Spinach,11.04
2023-11-18,Cauliflower,18.88
2023-11-18,Broccoli,33.61
2023-11-18,Eggplant,27.33
2023-11-18,Capsicum,35.64
2023-11-19,Tomato,15.63
2023-11-19,Potato,10.25
2023-11-19,Onion,29.88
2023-11-19,Carrot,28.07
2023-11-19,Cabbage,18.62
2023-11-19,Spinach,14.55
2023-11-19,Cauliflower,26.2
2023-11-19,Broccoli,39.77
2023-11-19,Eggplant,25.23
2023-11-19,Capsicum,38.27
2023-11-20,Tomato,16.36
2023-11-20,Potato,10.48
2023-11-20,Onion,34.61
2023-11-20,Carrot,22.91
2023-11-20,Cabbage,19.35
2023-11-20,Spinach,9.63
2023-11-20,Cauliflower,17.19
2023-11-20,Broccoli,32.35
2023-11-20,Eggplant,25.99
2023-11-20,Capsicum,42.47
2023-11-21,Tomato,22.42
2023-11-21,Potato,19.23
2023-11-21,Onion,34.48
2023-11-21,Carrot,27.6
2023-11-21,Cabbage,18.24
2023-11-21,Spinach,11.72
2023-11-21,Cauliflower,17.92
2023-11-21,Broccoli,30.0
2023-11-21,Eggplant,25.57
2023-11-21,Capsicum,35.17
2023-11-22,Tomato,21.06
2023-11-22,Potato,10.45
2023-11-22,Onion,30.29
2023-11-22,Carrot,27.45
2023-11-22,Cabbage,22.97
2023-11-22,Spinach,11.35
2023-11-22,Cauliflower,23.52
2023-11-22,Broccoli,35.38
2023-11-22,Eggplant,31.14
2023-11-22,Capsicum,39.13
2023-11-23,Tomato,23.35
2023-11-23,Potato,16.32
2023-11-23,Onion,32.68
2023-11-23,Carrot,28.45
2023-11-23,Cabbage,19.79
2023-11-23,Spinach,8.8
2023-11-23,Cauliflower,23.73
2023-11-23,Broccoli,35.22
2023-11-23,Eggplant,32.8
2023-11-23,Capsicum,42.8
2023-11-24,Tomato,16.29
2023-11-24,Potato,16.12
2023-11-24,Onion,26.2
2023-11-24,Carrot,23.22
2023-11-24,Cabbage,18.73
2023-11-24,Spinach,8.76
2023-11-24,Cauliflower,21.66
2023-11-24,Broccoli,35.2
2023-11-24,Eggplant,23.78
2023-11-24,Capsicum,41.81
2023-11-25,Tomato,15.34
2023-11-25,Potato,15.5
2023-11-25,Onion,28.74
2023-11-25,Carrot,29.71
2023-11-25,Cabbage,21.09
2023-11-25,Spinach,5.12
2023-11-25,Cauliflower,22.61
2023-11-25,Broccoli,37.28
2023-11-25,Eggplant,29.54
2023-11-25,Capsicum,35.91
2023-11-26,Tomato,18.45
2023-11-26,Potato,19.48
2023-11-26,Onion,26.65
2023-11-26,Carrot,27.86
2023-11-26,Cabbage,18.33
2023-11-26,Spinach,5.37
2023-11-26,Cauliflower,19.94
2023-11-26,Broccoli,39.91
2023-11-26,Eggplant,27.15
2023-11-26,Capsicum,41.25
2023-11-27,Tomato,18.0
2023-11-27,Potato,11.74
2023-11-27,Onion,27.38
2023-11-27,Carrot,22.69
2023-11-27,Cabbage,21.49
2023-11-27,Spinach,6.29
2023-11-27,Cauliflower,17.47
2023-11-27,Broccoli,30.84
2023-11-27,Eggplant,28.84
2023-11-27,Capsicum,42.59
2023-11-28,Tomato,21.91
2023-11-28,Potato,14.63
2023-11-28,Onion,31.61
2023-11-28,Carrot,28.86
2023-11-28,Cabbage,21.0
2023-11-28,Spinach,11.83
2023-11-28,Cauliflower,18.75
2023-11-28,Broccoli,37.25
2023-11-28,Eggplant,23.77
2023-11-28,Capsicum,41.28
2023-11-29,Tomato,15.03
2023-11-29,Potato,14.74
2023-11-29,Onion,26.7
2023-11-29,Carrot,21.44
2023-11-29,Cabbage,13.13
2023-11-29,Spinach,8.16
2023-11-29,Cauliflower,21.11
2023-11-29,Broccoli,31.09
2023-11-29,Eggplant,23.22
2023-11-29,Capsicum,39.96
2023-11-30,Tomato,22.86
2023-11-30,Potato,13.59
2023-11-30,Onion,25.74
2023-11-30,Carrot,29.59
2023-11-30,Cabbage,20.05
2023-11-30,Spinach,5.68
2023-11-30,Cauliflower,21.7
2023-11-30,Broccoli,38.53
2023-11-30,Eggplant,24.37
2023-11-30,Capsicum,40.57
2023-12-01,Tomato,17.37
2023-12-01,Potato,17.17
2023-12-01,Onion,25.79
2023-12-01,Carrot,24.9
2023-12-01,Cabbage,22.66
2023-12-01,Spinach,5.36
2023-12-01,Cauliflower,22.42
2023-12-01,Broccoli,31.76
2023-12-01,Eggplant,29.84
2023-12-01,Capsicum,40.21
2023-12-02,Tomato,16.51
2023-12-02,Potato,10.39
2023-12-02,Onion,28.19
2023-12-02,Carrot,29.11
2023-12-02,Cabbage,18.74
2023-12-02,Spinach,8.88
2023-12-02,Cauliflower,18.69
2023-12-02,Broccoli,35.55
2023-12-02,Eggplant,31.76
2023-12-02,Capsicum,42.15
2023-12-03,Tomato,18.92
2023-12-03,Potato,16.44
2023-12-03,Onion,25.14
2023-12-03,Carrot,27.68
2023-12-03,Cabbage,20.83
2023-12-03,Spinach,5.67
2023-12-03,Cauliflower,25.07
2023-12-03,Broccoli,31.79
2023-12-03,Eggplant,23.76
2023-12-03,Capsicum,43.18
2023-12-04,Tomato,20.66
2023-12-04,Potato,15.35
2023-12-04,Onion,31.63
2023-12-04,Carrot,28.12
2023-12-04,Cabbage,15.78
2023-12-04,Spinach,14.19
2023-12-04,Cauliflower,22.75
2023-12-04,Broccoli,34.5
2023-12-04,Eggplant,29.3
2023-12-04,Capsicum,36.03
2023-12-05,Tomato,16.6
2023-12-05,Potato,10.31
2023-12-05,Onion,32.2
2023-12-05,Carrot,26.36
2023-12-05,Cabbage,20.96
2023-12-05,Spinach,7.95
2023-12-05,Cauliflower,24.19
2023-12-05,Broccoli,36.46
2023-12-05,Eggplant,29.04
2023-12-05,Capsicum,35.44
2023-12-06,Tomato,21.8
2023-12-06,Potato,17.89
2023-12-06,Onion,32.24
2023-12-06,Carrot,26.68
2023-12-06,Cabbage,15.89
2023-12-06,Spinach,9.52
2023-12-06,Cauliflower,22.46
2023-12-06,Broccoli,38.74
2023-12-06,Eggplant,27.06
2023-12-06,Capsicum,43.52
2023-12-07,Tomato,19.98
2023-12-07,Potato,15.37
2023-12-07,Onion,31.19
2023-12-07,Carrot,21.74
2023-12-07,Cabbage,19.98
2023-12-07,Spinach,9.0
2023-12-07,Cauliflower,20.6
2023-12-07,Broccoli,38.39
2023-12-07,Eggplant,26.75
2023-12-07,Capsicum,38.51
2023-12-08,Tomato,20.71
2023-12-08,Potato,18.97
2023-12-08,Onion,33.12
2023-12-08,Carrot,23.46
2023-12-08,Cabbage,21.57
2023-12-08,Spinach,7.46
2023-12-08,Cauliflower,24.07
2023-12-08,Broccoli,38.15
2023-12-08,Eggplant,30.62
2023-12-08,Capsicum,37.04
2023-12-09,Tomato,17.26
2023-12-09,Potato,11.25
2023-12-09,Onion,26.18
2023-12-09,Carrot,23.64
2023-12-09,Cabbage,14.91
2023-12-09,Spinach,13.55
2023-12-09,Cauliflower,21.93
2023-12-09,Broccoli,31.19
2023-12-09,Eggplant,28.78
2023-12-09,Capsicum,37.49
2023-12-10,Tomato,20.0
2023-12-10,Potato,15.34
2023-12-10,Onion,33.15
2023-12-10,Carrot,29.84
2023-12-10,Cabbage,16.65
2023-12-10,Spinach,5.93
2023-12-10,Cauliflower,17.18
2023-12-10,Broccoli,35.91
2023-12-10,Eggplant,32.45
2023-12-10,Capsicum,40.38
2023-12-11,Tomato,19.89
2023-12-11,Potato,19.14
2023-12-11,Onion,26.33
2023-12-11,Carrot,25.73
2023-12-11,Cabbage,17.05
2023-12-11,Spinach,9.58
2023-12-11,Cauliflower,25.43
2023-12-11,Broccoli,36.83
2023-12-11,Eggplant,25.5
2023-12-11,Capsicum,37.4
2023-12-12,Tomato,17.01
2023-12-12,Potato,16.96
2023-12-12,Onion,31.27
2023-12-12,Carrot,22.17
2023-12-12,Cabbage,13.07
2023-12-12,Spinach,13.25
2023-12-12,Cauliflower,23.4
2023-12-12,Broccoli,32.1
2023-12-12,Eggplant,23.13
2023-12-12,Capsicum,42.76
2023-12-13,Tomato,18.78
2023-12-13,Potato,19.15
2023-12-13,Onion,30.75
2023-12-13,Carrot,27.92
2023-12-13,Cabbage,16.08
2023-12-13,Spinach,7.99
2023-12-13,Cauliflower,20.51
2023-12-13,Broccoli,38.33
2023-12-13,Eggplant,30.41
2023-12-13,Capsicum,36.01
2023-12-14,Tomato,18.36
2023-12-14,Potato,14.38
2023-12-14,Onion,31.08
2023-12-14,Carrot,22.4
2023-12-14,Cabbage,17.41
2023-12-14,Spinach,9.08
2023-12-14,Cauliflower,17.95
2023-12-14,Broccoli,37.49
2023-12-14,Eggplant,29.79
2023-12-14,Capsicum,37.2
2023-12-15,Tomato,23.64
2023-12-15,Potato,18.45
2023-12-15,Onion,26.34
2023-12-15,Carrot,22.67
2023-12-15,Cabbage,21.99
2023-12-15,Spinach,5.55
2023-12-15,Cauliflower,18.1
2023-12-15,Broccoli,38.46
2023-12-15,Eggplant,28.33
2023-12-15,Capsicum,40.5
2023-12-16,Tomato,20.17
2023-12-16,Potato,15.72
2023-12-16,Onion,34.66
2023-12-16,Carrot,29.75
2023-12-16,Cabbage,14.69
2023-12-16,Spinach,14.28
2023-12-16,Cauliflower,23.75
2023-12-16,Broccoli,39.23
2023-12-16,Eggplant,23.46
2023-12-16,Capsicum,44.91
2023-12-17,Tomato,21.15
2023-12-17,Potato,11.46
2023-12-17,Onion,31.59
2023-12-17,Carrot,25.82
2023-12-17,Cabbage,13.96
2023-12-17,Spinach,12.07
2023-12-17,Cauliflower,23.84
2023-12-17,Broccoli,36.35
2023-12-17,Eggplant,25.03
2023-12-17,Capsicum,43.35
2023-12-18,Tomato,16.84
2023-12-18,Potato,14.5
2023-12-18,Onion,32.74
2023-12-18,Carrot,28.25
2023-12-18,Cabbage,18.22
2023-12-18,Spinach,9.85
2023-12-18,Cauliflower,18.75
2023-12-18,Broccoli,32.72
2023-12-18,Eggplant,24.3
2023-12-18,Capsicum,38.51
2023-12-19,Tomato,15.74
2023-12-19,Potato,17.58
2023-12-19,Onion,31.46
2023-12-19,Carrot,24.85
2023-12-19,Cabbage,15.07
2023-12-19,Spinach,8.8
2023-12-19,Cauliflower,25.22
2023-12-19,Broccoli,35.38
2023-12-19,Eggplant,29.22
2023-12-19,Capsicum,42.9
2023-12-20,Tomato,15.68
2023-12-20,Potato,10.99
2023-12-20,Onion,29.49
2023-12-20,Carrot,23.99
2023-12-20,Cabbage,19.96
2023-12-20,Spinach,14.71
2023-12-20,Cauliflower,25.93
2023-12-20,Broccoli,39.39
2023-12-20,Eggplant,30.52
2023-12-20,Capsicum,35.59
2023-12-21,Tomato,24.61
2023-12-21,Potato,16.71
2023-12-21,Onion,34.14
2023-12-21,Carrot,21.53
2023-12-21,Cabbage,17.19
2023-12-21,Spinach,13.73
2023-12-21,Cauliflower,17.32
2023-12-21,Broccoli,32.27
2023-12-21,Eggplant,24.09
2023-12-21,Capsicum,36.99
2023-12-22,Tomato,20.21
2023-12-22,Potato,15.82
2023-12-22,Onion,34.65
2023-12-22,Carrot,29.55
2023-12-22,Cabbage,19.21
2023-12-22,Spinach,6.99
2023-12-22,Cauliflower,17.35
2023-12-22,Broccoli,34.1
2023-12-22,Eggplant,30.6
2023-12-22,Capsicum,44.24
2023-12-23,Tomato,19.65
2023-12-23,Potato,12.55
2023-12-23,Onion,28.15
2023-12-23,Carrot,22.43
2023-12-23,Cabbage,15.97
2023-12-23,Spinach,7.64
2023-12-23,Cauliflower,24.83
2023-12-23,Broccoli,36.78
2023-12-23,Eggplant,25.58
2023-12-23,Capsicum,43.76
2023-12-24,Tomato,17.64
2023-12-24,Potato,19.73
2023-12-24,Onion,26.2
2023-12-24,Carrot,28.58
2023-12-24,Cabbage,19.71
2023-12-24,Spinach,13.11
2023-12-24,Cauliflower,24.99
2023-12-24,Broccoli,32.32
2023-12-24,Eggplant,32.73
2023-12-24,Capsicum,36.35
2023-12-25,Tomato,18.7
2023-12-25,Potato,16.05
2023-12-25,Onion,34.74
2023-12-25,Carrot,20.64
2023-12-25,Cabbage,16.01
2023-12-25,Spinach,5.21
2023-12-25,Cauliflower,20.73
2023-12-25,Broccoli,38.29
2023-12-25,Eggplant,30.36
2023-12-25,Capsicum,35.81
2023-12-26,Tomato,23.0
2023-12-26,Potato,17.33
2023-12-26,Onion,29.37
2023-12-26,Carrot,24.84
2023-12-26,Cabbage,13.95
2023-12-26,Spinach,14.01
2023-12-26,Cauliflower,19.45
2023-12-26,Broccoli,32.99
2023-12-26,Eggplant,26.88
2023-12-26,Capsicum,36.87
2023-12-27,Tomato,19.03
2023-12-27,Potato,14.27
2023-12-27,Onion,33.4
2023-12-27,Carrot,26.15
2023-12-27,Cabbage,19.05
2023-12-27,Spinach,5.34
2023-12-27,Cauliflower,26.2
2023-12-27,Broccoli,33.04
2023-12-27,Eggplant,25.78
2023-12-27,Capsicum,36.86
2023-12-28,Tomato,16.13
2023-12-28,Potato,14.54
2023-12-28,Onion,30.82
2023-12-28,Carrot,27.67
2023-12-28,Cabbage,15.08
2023-12-28,Spinach,7.89
2023-12-28,Cauliflower,19.72
2023-12-28,Broccoli,30.05
2023-12-28,Eggplant,25.3
2023-12-28,Capsicum,35.82
2023-12-29,Tomato,21.64
2023-12-29,Potato,10.55
2023-12-29,Onion,30.02
2023-12-29,Carrot,25.86
2023-12-29,Cabbage,21.19
2023-12-29,Spinach,8.88
2023-12-29,Cauliflower,23.73
2023-12-29,Broccoli,32.01
2023-12-29,Eggplant,25.96
2023-12-29,Capsicum,36.71
2023-12-30,Tomato,17.28
2023-12-30,Potato,14.74
2023-12-30,Onion,32.82
2023-12-30,Carrot,23.06
2023-12-30,Cabbage,19.75
2023-12-30,Spinach,6.8
2023-12-30,Cauliflower,17.69
2023-12-30,Broccoli,31.52
2023-12-30,Eggplant,28.89
2023-12-30,Capsicum,40.97
2023-12-31,Tomato,18.82
2023-12-31,Potato,12.57
2023-12-31,Onion,34.19
2023-12-31,Carrot,27.0
2023-12-31,Cabbage,22.41
2023-12-31,Spinach,14.44
2023-12-31,Cauliflower,20.13
2023-12-31,Broccoli,35.01
2023-12-31,Eggplant,24.18
2023-12-31,Capsicum,44.18
